Category,Product,Code,Size,Stock On Hand,Lead Time (Weeks)
Alfriston College,ALF Boys Ink Trousers,US PT 703L ALF -100,100,38,5
Alfriston College,ALF Boys Ink Trousers,US PT 703L ALF -104,104,30,5
Alfriston College,ALF Boys Ink Trousers,US PT 703L ALF -108,108,15,5
Alfriston College,ALF Boys Ink Trousers,US PT 703L ALF -112,112,8,5
Alfriston College,ALF Boys Ink Trousers,US PT 703L ALF -116,116,5,5
Alfriston College,ALF Boys Ink Trousers,US PT 703L ALF -120,120,10,5
Alfriston College,ALF Boys Ink Trousers,US PT 703L ALF -124,124,9,5
Alfriston College,ALF Boys Ink Trousers,US PT 703L ALF -128,128,6,5
Alfriston College,ALF Boys Ink Trousers,US PT 703L ALF -152,152,5,5
Alfriston College,ALF Boys Ink Trousers,US PT 703L ALF -64,64,9,5
Alfriston College,ALF Boys Ink Trousers,US PT 703L ALF -68,68,23,5
Alfriston College,ALF Boys Ink Trousers,US PT 703L ALF -72,72,39,5
Alfriston College,ALF Boys Ink Trousers,US PT 703L ALF -76,76,49,5
Alfriston College,ALF Boys Ink Trousers,US PT 703L ALF -80,80,85,5
Alfriston College,ALF Boys Ink Trousers,US PT 703L ALF -84,84,84,5
Alfriston College,ALF Boys Ink Trousers,US PT 703L ALF -88,88,97,5
Alfriston College,ALF Boys Ink Trousers,US PT 703L ALF -92,92,92,5
Alfriston College,ALF Boys Ink Trousers,US PT 703L ALF -96,96,60,5
Alfriston College,ALF Jacket,US JKT 701 ALF -2XL,2XL,31,6
Alfriston College,ALF Jacket,US JKT 701 ALF -2XS,2XS,0,6
Alfriston College,ALF Jacket,US JKT 701 ALF -3XL,3XL,16,6
Alfriston College,ALF Jacket,US JKT 701 ALF -4XL,4XL,14,6
Alfriston College,ALF Jacket,US JKT 701 ALF -5XL,5XL,13,6
Alfriston College,ALF Jacket,US JKT 701 ALF -7XL,7XL,3,6
Alfriston College,ALF Jacket,US JKT 701 ALF -L,L,78,6
Alfriston College,ALF Jacket,US JKT 701 ALF -M,M,107,6
Alfriston College,ALF Jacket,US JKT 701 ALF -S,S,100,6
Alfriston College,ALF Jacket,US JKT 701 ALF -XL,XL,36,6
Alfriston College,ALF Jacket,US JKT 701 ALF -XS,XS,51,6
Alfriston College,ALF Jnr Blouse,US BL 400J ALF -10,10,13,5
Alfriston College,ALF Jnr Blouse,US BL 400J ALF -12,12,32,5
Alfriston College,ALF Jnr Blouse,US BL 400J ALF -14,14,26,5
Alfriston College,ALF Jnr Blouse,US BL 400J ALF -16,16,17,5
Alfriston College,ALF Jnr Blouse,US BL 400J ALF -18,18,14,5
Alfriston College,ALF Jnr Blouse,US BL 400J ALF -20,20,7,5
Alfriston College,ALF Jnr Blouse,US BL 400J ALF -22,22,10,5
Alfriston College,ALF Jnr Blouse,US BL 400J ALF -24,24,15,5
Alfriston College,ALF Jnr Blouse,US BL 400J ALF -26,26,7,5
Alfriston College,ALF Jnr Blouse,US BL 400J ALF -28,28,7,5
Alfriston College,ALF Jnr Blouse,US BL 400J ALF -30,30,0,5
Alfriston College,ALF Jnr Blouse,US BL 400J ALF -6,6,3,5
Alfriston College,ALF Jnr Blouse,US BL 400J ALF -8,8,37,5
Alfriston College,ALF Jnr Shirt,US ST 451J ALF -10,10,18,5
Alfriston College,ALF Jnr Shirt,US ST 451J ALF -12,12,24,5
Alfriston College,ALF Jnr Shirt,US ST 451J ALF -14,14,20,5
Alfriston College,ALF Jnr Shirt,US ST 451J ALF -2XL,2XL,15,5
Alfriston College,ALF Jnr Shirt,US ST 451J ALF -3XL,3XL,19,5
Alfriston College,ALF Jnr Shirt,US ST 451J ALF -4XL,4XL,1,5
Alfriston College,ALF Jnr Shirt,US ST 451J ALF -5XL,5XL,6,5
Alfriston College,ALF Jnr Shirt,US ST 451J ALF -6XL,6XL,7,5
Alfriston College,ALF Jnr Shirt,US ST 451J ALF -7XL,7XL,0,5
Alfriston College,ALF Jnr Shirt,US ST 451J ALF -L,L,45,5
Alfriston College,ALF Jnr Shirt,US ST 451J ALF -M,M,49,5
Alfriston College,ALF Jnr Shirt,US ST 451J ALF -S,S,28,5
Alfriston College,ALF Jnr Shirt,US ST 451J ALF -XL,XL,54,5
Alfriston College,ALF Long Skirt,US SK 554 ALF -10,10,16,5
Alfriston College,ALF Long Skirt,US SK 554 ALF -12,12,23,5
Alfriston College,ALF Long Skirt,US SK 554 ALF -14,14,15,5
Alfriston College,ALF Long Skirt,US SK 554 ALF -16,16,14,5
Alfriston College,ALF Long Skirt,US SK 554 ALF -18,18,9,5
Alfriston College,ALF Long Skirt,US SK 554 ALF -20,20,8,5
Alfriston College,ALF Long Skirt,US SK 554 ALF -22,22,8,5
Alfriston College,ALF Long Skirt,US SK 554 ALF -24,24,5,5
Alfriston College,ALF Long Skirt,US SK 554 ALF -26,26,2,5
Alfriston College,ALF Long Skirt,US SK 554 ALF -28,28,2,5
Alfriston College,ALF Long Skirt,US SK 554 ALF -4,4,17,5
Alfriston College,ALF Long Skirt,US SK 554 ALF -6,6,25,5
Alfriston College,ALF Long Skirt,US SK 554 ALF -8,8,23,5
Alfriston College,ALF Navy Skirt,US SK 502 ALF -10,10,12,5
Alfriston College,ALF Navy Skirt,US SK 502 ALF -12,12,21,5
Alfriston College,ALF Navy Skirt,US SK 502 ALF -14,14,17,5
Alfriston College,ALF Navy Skirt,US SK 502 ALF -16,16,10,5
Alfriston College,ALF Navy Skirt,US SK 502 ALF -18,18,19,5
Alfriston College,ALF Navy Skirt,US SK 502 ALF -20,20,8,5
Alfriston College,ALF Navy Skirt,US SK 502 ALF -22,22,6,5
Alfriston College,ALF Navy Skirt,US SK 502 ALF -24,24,5,5
Alfriston College,ALF Navy Skirt,US SK 502 ALF -26,26,12,5
Alfriston College,ALF Navy Skirt,US SK 502 ALF -4,4,8,5
Alfriston College,ALF Navy Skirt,US SK 502 ALF -6,6,19,5
Alfriston College,ALF Navy Skirt,US SK 502 ALF -8,8,10,5
Alfriston College,ALF Snr Blouse,US BL 401S ALF -10,10,11,5
Alfriston College,ALF Snr Blouse,US BL 401S ALF -12,12,16,5
Alfriston College,ALF Snr Blouse,US BL 401S ALF -14,14,14,5
Alfriston College,ALF Snr Blouse,US BL 401S ALF -16,16,19,5
Alfriston College,ALF Snr Blouse,US BL 401S ALF -18,18,5,5
Alfriston College,ALF Snr Blouse,US BL 401S ALF -20,20,6,5
Alfriston College,ALF Snr Blouse,US BL 401S ALF -22,22,3,5
Alfriston College,ALF Snr Blouse,US BL 401S ALF -24,24,4,5
Alfriston College,ALF Snr Blouse,US BL 401S ALF -26,26,3,5
Alfriston College,ALF Snr Blouse,US BL 401S ALF -28,28,2,5
Alfriston College,ALF Snr Blouse,US BL 401S ALF -6,6,4,5
Alfriston College,ALF Snr Blouse,US BL 401S ALF -8,8,14,5
Mt Albert Grammar,Mags Uniform Jnr Blouse L/S White (MG030),US BL 420L MAGS -10,10,16,5
Mt Albert Grammar,Mags Uniform Jnr Blouse L/S White (MG030),US BL 420L MAGS -12,12,25,5
Mt Albert Grammar,Mags Uniform Jnr Blouse L/S White (MG030),US BL 420L MAGS -14,14,16,5
Mt Albert Grammar,Mags Uniform Jnr Blouse L/S White (MG030),US BL 420L MAGS -16,16,4,5
Mt Albert Grammar,Mags Uniform Jnr Blouse L/S White (MG030),US BL 420L MAGS -18,18,4,5
Mt Albert Grammar,Mags Uniform Jnr Blouse L/S White (MG030),US BL 420L MAGS -20,20,7,5
Mt Albert Grammar,Mags Uniform Jnr Blouse L/S White (MG030),US BL 420L MAGS -6,6,6,5
Mt Albert Grammar,Mags Uniform Jnr Blouse L/S White (MG030),US BL 420L MAGS -8,8,19,5
Mt Albert Grammar,Mags Uniform Jnr Blouse SS White/Navy (MG014),US BL 420 MAGS -10,10,73,5
Mt Albert Grammar,Mags Uniform Jnr Blouse SS White/Navy (MG014),US BL 420 MAGS -12,12,97,5
Mt Albert Grammar,Mags Uniform Jnr Blouse SS White/Navy (MG014),US BL 420 MAGS -14,14,48,5
Mt Albert Grammar,Mags Uniform Jnr Blouse SS White/Navy (MG014),US BL 420 MAGS -16,16,27,5
Mt Albert Grammar,Mags Uniform Jnr Blouse SS White/Navy (MG014),US BL 420 MAGS -18,18,26,5
Mt Albert Grammar,Mags Uniform Jnr Blouse SS White/Navy (MG014),US BL 420 MAGS -20,20,8,5
Mt Albert Grammar,Mags Uniform Jnr Blouse SS White/Navy (MG014),US BL 420 MAGS -22,22,17,5
Mt Albert Grammar,Mags Uniform Jnr Blouse SS White/Navy (MG014),US BL 420 MAGS -24,24,13,5
Mt Albert Grammar,Mags Uniform Jnr Blouse SS White/Navy (MG014),US BL 420 MAGS -26,26,11,5
Mt Albert Grammar,Mags Uniform Jnr Blouse SS White/Navy (MG014),US BL 420 MAGS -30,30,4,5
Mt Albert Grammar,Mags Uniform Jnr Blouse SS White/Navy (MG014),US BL 420 MAGS -32,32,3,5
Mt Albert Grammar,Mags Uniform Jnr Blouse SS White/Navy (MG014),US BL 420 MAGS -6,6,6,5
Mt Albert Grammar,Mags Uniform Jnr Blouse SS White/Navy (MG014),US BL 420 MAGS -8,8,38,5
Mt Albert Grammar,Mags Uniform Jnr Blouse SS White/Navy (MG014),US BL 420 MAGS -SPCL,SPCL,0,5
Mt Albert Grammar,Mags Uniform Jumper Navy/Sky (MG009),USL MG009 SKY STRIPES -10XL,10XL,6,8
Mt Albert Grammar,Mags Uniform Jumper Navy/Sky (MG009),USL MG009 SKY STRIPES -2XL,2XL/112,51,8
Mt Albert Grammar,Mags Uniform Jumper Navy/Sky (MG009),USL MG009 SKY STRIPES -3XL,3XL/117,16,8
Mt Albert Grammar,Mags Uniform Jumper Navy/Sky (MG009),USL MG009 SKY STRIPES -4XL,4XL/122,19,8
Mt Albert Grammar,Mags Uniform Jumper Navy/Sky (MG009),USL MG009 SKY STRIPES -5XL,5XL/127,4,8
Mt Albert Grammar,Mags Uniform Jumper Navy/Sky (MG009),USL MG009 SKY STRIPES -7XL,7XL/137,0,8
Mt Albert Grammar,Mags Uniform Jumper Navy/Sky (MG009),USL MG009 SKY STRIPES -L,L/102,46,8
Mt Albert Grammar,Mags Uniform Jumper Navy/Sky (MG009),USL MG009 SKY STRIPES -M,M/97,72,8
Mt Albert Grammar,Mags Uniform Jumper Navy/Sky (MG009),USL MG009 SKY STRIPES -S,S/92,29,8
Mt Albert Grammar,Mags Uniform Jumper Navy/Sky (MG009),USL MG009 SKY STRIPES -XL,XL/107,72,8
Mt Albert Grammar,Mags Uniform Jumper Navy/Sky (MG009),USL MG009 SKY STRIPES -XS,XS/87,20,8
Mt Albert Grammar,Mags Uniform Jumper Navy/Sky (MG009),USL MG009 SKY STRIPES -XXS,XXS/82,31,8
Mt Albert Grammar,Mags Uniform LS Shirt White (MG017),MG017 -16,16,3,5
Mt Albert Grammar,Mags Uniform LS Shirt White (MG017),MG017 -37,37,8,5
Mt Albert Grammar,Mags Uniform LS Shirt White (MG017),MG017 -38,38,9,5
Mt Albert Grammar,Mags Uniform LS Shirt White (MG017),MG017 -40,40,13,5
Mt Albert Grammar,Mags Uniform LS Shirt White (MG017),MG017 -42,42,4,5
Mt Albert Grammar,Mags Uniform LS Shirt White (MG017),MG017 -44,44,1,5
Mt Albert Grammar,Mags Uniform LS Shirt White (MG017),MG017 -46,46,6,5
Mt Albert Grammar,Mags Uniform LS Shirt White (MG017),MG017 -48,48,5,5
Mt Albert Grammar,Mags Uniform Polo Jnr Grey/Navy (MG012),POLO MG012 MAGS -2XL,2XL,74,5
Mt Albert Grammar,Mags Uniform Polo Jnr Grey/Navy (MG012),POLO MG012 MAGS -3XL,3XL,27,5
Mt Albert Grammar,Mags Uniform Polo Jnr Grey/Navy (MG012),POLO MG012 MAGS -4XL,4XL,15,5
Mt Albert Grammar,Mags Uniform Polo Jnr Grey/Navy (MG012),POLO MG012 MAGS -5XL,5XL,18,5
Mt Albert Grammar,Mags Uniform Polo Jnr Grey/Navy (MG012),POLO MG012 MAGS -7XL,7XL,9,5
Mt Albert Grammar,Mags Uniform Polo Jnr Grey/Navy (MG012),POLO MG012 MAGS -L,L,316,5
Mt Albert Grammar,Mags Uniform Polo Jnr Grey/Navy (MG012),POLO MG012 MAGS -LB,LB,121,5
Mt Albert Grammar,Mags Uniform Polo Jnr Grey/Navy (MG012),POLO MG012 MAGS -M,M,556,5
Mt Albert Grammar,Mags Uniform Polo Jnr Grey/Navy (MG012),POLO MG012 MAGS -MB,MB,32,5
Mt Albert Grammar,Mags Uniform Polo Jnr Grey/Navy (MG012),POLO MG012 MAGS -S,S,359,5
Mt Albert Grammar,Mags Uniform Polo Jnr Grey/Navy (MG012),POLO MG012 MAGS -SB,SB,23,5
Mt Albert Grammar,Mags Uniform Polo Jnr Grey/Navy (MG012),POLO MG012 MAGS -XL,XL,136,5
Mt Albert Grammar,Mags Uniform Polo Jnr Grey/Navy (MG012),POLO MG012 MAGS -XS,XS,255,5
Mt Albert Grammar,Mags Uniform Shorts (MG020),US SH 312 MAGS -100,100,17,5
Mt Albert Grammar,Mags Uniform Shorts (MG020),US SH 312 MAGS -104,104,18,5
Mt Albert Grammar,Mags Uniform Shorts (MG020),US SH 312 MAGS -108,108,15,5
Mt Albert Grammar,Mags Uniform Shorts (MG020),US SH 312 MAGS -112,112,14,5
Mt Albert Grammar,Mags Uniform Shorts (MG020),US SH 312 MAGS -116,116,5,5
Mt Albert Grammar,Mags Uniform Shorts (MG020),US SH 312 MAGS -120,120,5,5
Mt Albert Grammar,Mags Uniform Shorts (MG020),US SH 312 MAGS -124,124,2,5
Mt Albert Grammar,Mags Uniform Shorts (MG020),US SH 312 MAGS -128,128,3,5
Mt Albert Grammar,Mags Uniform Shorts (MG020),US SH 312 MAGS -60,60,17,5
Mt Albert Grammar,Mags Uniform Shorts (MG020),US SH 312 MAGS -64,64,39,5
Mt Albert Grammar,Mags Uniform Shorts (MG020),US SH 312 MAGS -68,68,107,5
Mt Albert Grammar,Mags Uniform Shorts (MG020),US SH 312 MAGS -72,72,132,5
Mt Albert Grammar,Mags Uniform Shorts (MG020),US SH 312 MAGS -76,76,249,5
Mt Albert Grammar,Mags Uniform Shorts (MG020),US SH 312 MAGS -80,80,182,5
Mt Albert Grammar,Mags Uniform Shorts (MG020),US SH 312 MAGS -84,84,117,5
Mt Albert Grammar,Mags Uniform Shorts (MG020),US SH 312 MAGS -88,88,91,5
Mt Albert Grammar,Mags Uniform Shorts (MG020),US SH 312 MAGS -92,92,46,5
Mt Albert Grammar,Mags Uniform Shorts (MG020),US SH 312 MAGS -96,96,35,5
Mt Albert Grammar,Mags Uniform Tartan Skirt Tartan (MG018),US SK 514 MAGS -10,10,75,5
Mt Albert Grammar,Mags Uniform Tartan Skirt Tartan (MG018),US SK 514 MAGS -12,12,44,5
Mt Albert Grammar,Mags Uniform Tartan Skirt Tartan (MG018),US SK 514 MAGS -14,14,32,5
Mt Albert Grammar,Mags Uniform Tartan Skirt Tartan (MG018),US SK 514 MAGS -16,16,20,5
Mt Albert Grammar,Mags Uniform Tartan Skirt Tartan (MG018),US SK 514 MAGS -18,18,16,5
Mt Albert Grammar,Mags Uniform Tartan Skirt Tartan (MG018),US SK 514 MAGS -20,20,8,5
Mt Albert Grammar,Mags Uniform Tartan Skirt Tartan (MG018),US SK 514 MAGS -22,22,6,5
Mt Albert Grammar,Mags Uniform Tartan Skirt Tartan (MG018),US SK 514 MAGS -24,24,12,5
Mt Albert Grammar,Mags Uniform Tartan Skirt Tartan (MG018),US SK 514 MAGS -26,26,5,5
Mt Albert Grammar,Mags Uniform Tartan Skirt Tartan (MG018),US SK 514 MAGS -28,28,6,5
Mt Albert Grammar,Mags Uniform Tartan Skirt Tartan (MG018),US SK 514 MAGS -30,30,7,5
Mt Albert Grammar,Mags Uniform Tartan Skirt Tartan (MG018),US SK 514 MAGS -32,32,6,5
Mt Albert Grammar,Mags Uniform Tartan Skirt Tartan (MG018),US SK 514 MAGS -6,6,30,5
Mt Albert Grammar,Mags Uniform Tartan Skirt Tartan (MG018),US SK 514 MAGS -8,8,51,5
Mt Albert Grammar,Mags Uniform Tie Navy (MG004),MG004 -Each,Each,162,8
Mt Albert Grammar,Mags Uniform Trousers Black (MG022),US PT 358 MAGS -100,100,98,5
Mt Albert Grammar,Mags Uniform Trousers Black (MG022),US PT 358 MAGS -104,104,61,5
Mt Albert Grammar,Mags Uniform Trousers Black (MG022),US PT 358 MAGS -108,108,41,5
Mt Albert Grammar,Mags Uniform Trousers Black (MG022),US PT 358 MAGS -112,112,26,5
Mt Albert Grammar,Mags Uniform Trousers Black (MG022),US PT 358 MAGS -116,116,19,5
Mt Albert Grammar,Mags Uniform Trousers Black (MG022),US PT 358 MAGS -120,120,22,5
Mt Albert Grammar,Mags Uniform Trousers Black (MG022),US PT 358 MAGS -124,124,18,5
Mt Albert Grammar,Mags Uniform Trousers Black (MG022),US PT 358 MAGS -128,128,4,5
Mt Albert Grammar,Mags Uniform Trousers Black (MG022),US PT 358 MAGS -60,60,3,5
Mt Albert Grammar,Mags Uniform Trousers Black (MG022),US PT 358 MAGS -64,64,15,5
Mt Albert Grammar,Mags Uniform Trousers Black (MG022),US PT 358 MAGS -68,68,67,5
Mt Albert Grammar,Mags Uniform Trousers Black (MG022),US PT 358 MAGS -72,72,162,5
Mt Albert Grammar,Mags Uniform Trousers Black (MG022),US PT 358 MAGS -76,76,365,5
Mt Albert Grammar,Mags Uniform Trousers Black (MG022),US PT 358 MAGS -80,80,407,5
Mt Albert Grammar,Mags Uniform Trousers Black (MG022),US PT 358 MAGS -84,84,429,5
Mt Albert Grammar,Mags Uniform Trousers Black (MG022),US PT 358 MAGS -88,88,334,5
Mt Albert Grammar,Mags Uniform Trousers Black (MG022),US PT 358 MAGS -92,92,193,5
Mt Albert Grammar,Mags Uniform Trousers Black (MG022),US PT 358 MAGS -96,96,163,5
Mt Albert Grammar,Mags Uniform Y13 Skirt Navy (MG019),US SK 556 MAGS -10,10,39,5
Mt Albert Grammar,Mags Uniform Y13 Skirt Navy (MG019),US SK 556 MAGS -12,12,30,5
Mt Albert Grammar,Mags Uniform Y13 Skirt Navy (MG019),US SK 556 MAGS -14,14,25,5
Mt Albert Grammar,Mags Uniform Y13 Skirt Navy (MG019),US SK 556 MAGS -16,16,27,5
Mt Albert Grammar,Mags Uniform Y13 Skirt Navy (MG019),US SK 556 MAGS -18,18,8,5
Mt Albert Grammar,Mags Uniform Y13 Skirt Navy (MG019),US SK 556 MAGS -20,20,10,5
Mt Albert Grammar,Mags Uniform Y13 Skirt Navy (MG019),US SK 556 MAGS -22,22,6,5
Mt Albert Grammar,Mags Uniform Y13 Skirt Navy (MG019),US SK 556 MAGS -24,24,6,5
Mt Albert Grammar,Mags Uniform Y13 Skirt Navy (MG019),US SK 556 MAGS -26,26,5,5
Mt Albert Grammar,Mags Uniform Y13 Skirt Navy (MG019),US SK 556 MAGS -30,30,4,5
Mt Albert Grammar,Mags Uniform Y13 Skirt Navy (MG019),US SK 556 MAGS -34,34,2,5
Mt Albert Grammar,Mags Uniform Y13 Skirt Navy (MG019),US SK 556 MAGS -6,6,21,5
Mt Albert Grammar,Mags Uniform Y13 Skirt Navy (MG019),US SK 556 MAGS -8,8,31,5
Mt Albert Grammar,Mags Uniform Y13 Skirt Navy (MG019),US SK 556 MAGS -SPCL,SPCL,0,5
Mt Albert Grammar,Mags Uniform Yr13 Blouse SS Blue/Navy (MG015),US BL 421 MAGS -10,10,67,5
Mt Albert Grammar,Mags Uniform Yr13 Blouse SS Blue/Navy (MG015),US BL 421 MAGS -12,12,65,5
Mt Albert Grammar,Mags Uniform Yr13 Blouse SS Blue/Navy (MG015),US BL 421 MAGS -14,14,32,5
Mt Albert Grammar,Mags Uniform Yr13 Blouse SS Blue/Navy (MG015),US BL 421 MAGS -16,16,22,5
Mt Albert Grammar,Mags Uniform Yr13 Blouse SS Blue/Navy (MG015),US BL 421 MAGS -18,18,23,5
Mt Albert Grammar,Mags Uniform Yr13 Blouse SS Blue/Navy (MG015),US BL 421 MAGS -20,20,18,5
Mt Albert Grammar,Mags Uniform Yr13 Blouse SS Blue/Navy (MG015),US BL 421 MAGS -22,22,14,5
Mt Albert Grammar,Mags Uniform Yr13 Blouse SS Blue/Navy (MG015),US BL 421 MAGS -24,24,5,5
Mt Albert Grammar,Mags Uniform Yr13 Blouse SS Blue/Navy (MG015),US BL 421 MAGS -26,26,16,5
Mt Albert Grammar,Mags Uniform Yr13 Blouse SS Blue/Navy (MG015),US BL 421 MAGS -28,28,6,5
Mt Albert Grammar,Mags Uniform Yr13 Blouse SS Blue/Navy (MG015),US BL 421 MAGS -30,30,10,5
Mt Albert Grammar,Mags Uniform Yr13 Blouse SS Blue/Navy (MG015),US BL 421 MAGS -6,6,13,5
Mt Albert Grammar,Mags Uniform Yr13 Blouse SS Blue/Navy (MG015),US BL 421 MAGS -8,8,38,5
Mt Albert Grammar,Mags Uniform Yr13 Polo White (MG013),US POLO 903 MAGS -2XL,2XL,35,5
Mt Albert Grammar,Mags Uniform Yr13 Polo White (MG013),US POLO 903 MAGS -3XL,3XL,21,5
Mt Albert Grammar,Mags Uniform Yr13 Polo White (MG013),US POLO 903 MAGS -4XL,4XL,8,5
Mt Albert Grammar,Mags Uniform Yr13 Polo White (MG013),US POLO 903 MAGS -5XL,5XL,7,5
Mt Albert Grammar,Mags Uniform Yr13 Polo White (MG013),US POLO 903 MAGS -6XL,6XL,7,5
Mt Albert Grammar,Mags Uniform Yr13 Polo White (MG013),US POLO 903 MAGS -L,L,317,5
Mt Albert Grammar,Mags Uniform Yr13 Polo White (MG013),US POLO 903 MAGS -M,M,371,5
Mt Albert Grammar,Mags Uniform Yr13 Polo White (MG013),US POLO 903 MAGS -S,S,137,5
Mt Albert Grammar,Mags Uniform Yr13 Polo White (MG013),US POLO 903 MAGS -XL,XL,128,5
Mt Albert Grammar,Mags Uniform Yr13 Polo White (MG013),US POLO 903 MAGS -XS,XS,45,5
Western Heights High,WHHS Bucket Hats,USL BKHAT 4223 WHHS -L/XL,L/XL,3,2
Western Heights High,WHHS Bucket Hats,USL BKHAT 4223 WHHS -M/L,M/L,15,2
Western Heights High,WHHS Caps,USL CAP 4079 WHHS,0,13,2
Western Heights High,WHHS Contrast Jacket,JKT 704 CL WHHS -2XL,2XL,26,6
Western Heights High,WHHS Contrast Jacket,JKT 704 CL WHHS -3XL,3XL,30,6
Western Heights High,WHHS Contrast Jacket,JKT 704 CL WHHS -4XL,4XL,12,6
Western Heights High,WHHS Contrast Jacket,JKT 704 CL WHHS -5XL,5XL,14,6
Western Heights High,WHHS Contrast Jacket,JKT 704 CL WHHS -6XL,6XL,5,6
Western Heights High,WHHS Contrast Jacket,JKT 704 CL WHHS -7XL,7XL,2,6
Western Heights High,WHHS Contrast Jacket,JKT 704 CL WHHS -L,L,56,6
Western Heights High,WHHS Contrast Jacket,JKT 704 CL WHHS -M,M,73,6
Western Heights High,WHHS Contrast Jacket,JKT 704 CL WHHS -S,S,17,6
Western Heights High,WHHS Contrast Jacket,JKT 704 CL WHHS -XL,XL,61,6
Western Heights High,WHHS Contrast Jacket,JKT 704K CL WHHS -14,14,4,6
Western Heights High,WHHS Contrast Jacket,JKT 704K CL WHHS -16,16,0,6
Western Heights High,WHHS Contrast Jacket,JKT 704K CL WHHS-12,12,0,6
Western Heights High,WHHS Height Scarf,USL SCF WHHS -ONE SIZE,ONE SIZE,67,8
Western Heights High,WHHS JNR Boys Shorts,SH 711 WHHS -100,100,32,5
Western Heights High,WHHS JNR Boys Shorts,SH 711 WHHS -104,104,21,5
Western Heights High,WHHS JNR Boys Shorts,SH 711 WHHS -108,108,13,5
Western Heights High,WHHS JNR Boys Shorts,SH 711 WHHS -112,112,8,5
Western Heights High,WHHS JNR Boys Shorts,SH 711 WHHS -116,116,9,5
Western Heights High,WHHS JNR Boys Shorts,SH 711 WHHS -120,120,11,5
Western Heights High,WHHS JNR Boys Shorts,SH 711 WHHS -124,124,6,5
Western Heights High,WHHS JNR Boys Shorts,SH 711 WHHS -128,128,5,5
Western Heights High,WHHS JNR Boys Shorts,SH 711 WHHS -64,64,12,5
Western Heights High,WHHS JNR Boys Shorts,SH 711 WHHS -68,68,18,5
Western Heights High,WHHS JNR Boys Shorts,SH 711 WHHS -72,72,18,5
Western Heights High,WHHS JNR Boys Shorts,SH 711 WHHS -76,76,31,5
Western Heights High,WHHS JNR Boys Shorts,SH 711 WHHS -80,80,59,5
Western Heights High,WHHS JNR Boys Shorts,SH 711 WHHS -84,84,64,5
Western Heights High,WHHS JNR Boys Shorts,SH 711 WHHS -88,88,36,5
Western Heights High,WHHS JNR Boys Shorts,SH 711 WHHS -92,92,26,5
Western Heights High,WHHS JNR Boys Shorts,SH 711 WHHS -96,96,19,5
Western Heights High,WHHS JNR Boys Trousers,PT 11 WHHS -100,100,3,5
Western Heights High,WHHS JNR Boys Trousers,PT 11 WHHS -104,104,5,5
Western Heights High,WHHS JNR Boys Trousers,PT 11 WHHS -108,108,13,5
Western Heights High,WHHS JNR Boys Trousers,PT 11 WHHS -112,112,4,5
Western Heights High,WHHS JNR Boys Trousers,PT 11 WHHS -116,116,2,5
Western Heights High,WHHS JNR Boys Trousers,PT 11 WHHS -120,120,5,5
Western Heights High,WHHS JNR Boys Trousers,PT 11 WHHS -68,68,11,5
Western Heights High,WHHS JNR Boys Trousers,PT 11 WHHS -72,72,29,5
Western Heights High,WHHS JNR Boys Trousers,PT 11 WHHS -76,76,29,5
Western Heights High,WHHS JNR Boys Trousers,PT 11 WHHS -80,80,30,5
Western Heights High,WHHS JNR Boys Trousers,PT 11 WHHS -84,84,25,5
Western Heights High,WHHS JNR Boys Trousers,PT 11 WHHS -88,88,14,5
Western Heights High,WHHS JNR Boys Trousers,PT 11 WHHS -92,92,9,5
Western Heights High,WHHS JNR Boys Trousers,PT 11 WHHS -96,96,16,5
Western Heights High,WHHS JNR Girls Shorts,DSH 002 WHHS -102,102,11,5
Western Heights High,WHHS JNR Girls Shorts,DSH 002 WHHS -107,107,5,5
Western Heights High,WHHS JNR Girls Shorts,DSH 002 WHHS -112,112,6,5
Western Heights High,WHHS JNR Girls Shorts,DSH 002 WHHS -117,117,6,5
Western Heights High,WHHS JNR Girls Shorts,DSH 002 WHHS -122,122,7,5
Western Heights High,WHHS JNR Girls Shorts,DSH 002 WHHS -127,127,6,5
Western Heights High,WHHS JNR Girls Shorts,DSH 002 WHHS -56,56,11,5
Western Heights High,WHHS JNR Girls Shorts,DSH 002 WHHS -57,57,0,5
Western Heights High,WHHS JNR Girls Shorts,DSH 002 WHHS -62,62,10,5
Western Heights High,WHHS JNR Girls Shorts,DSH 002 WHHS -67,67,9,5
Western Heights High,WHHS JNR Girls Shorts,DSH 002 WHHS -72,72,16,5
Western Heights High,WHHS JNR Girls Shorts,DSH 002 WHHS -77,77,10,5
Western Heights High,WHHS JNR Girls Shorts,DSH 002 WHHS -82,82,1,5
Western Heights High,WHHS JNR Girls Shorts,DSH 002 WHHS -87,87,4,5
Western Heights High,WHHS JNR Girls Shorts,DSH 002 WHHS -92,92,4,5
Western Heights High,WHHS JNR Girls Shorts,DSH 002 WHHS -97,97,6,5
Western Heights High,WHHS Jnr Long Skirt,SK 196L WHHS-102cm,102cm,0,5
Western Heights High,WHHS Jnr Long Skirt,SK 196L WHHS-107cm,107cm,0,5
Western Heights High,WHHS Jnr Long Skirt,SK 196L WHHS-57cm,57cm,0,5
Western Heights High,WHHS Jnr Long Skirt,SK 196L WHHS-72cm,72cm,0,5
Western Heights High,WHHS Jnr Long Skirt,SK 196L WHHS-77cm,77cm,0,5
Western Heights High,WHHS Jnr Long Skirt,SK 196L WHHS-87cm,87cm,0,5
Western Heights High,WHHS Jnr Long Skirt,SK 196L WHHS-97cm,97cm,0,5
Western Heights High,WHHS Jnr Short Skirt,SK 195 WHHS -102,102,23,5
Western Heights High,WHHS Jnr Short Skirt,SK 195 WHHS -107,107,17,5
Western Heights High,WHHS Jnr Short Skirt,SK 195 WHHS -112,112,14,5
Western Heights High,WHHS Jnr Short Skirt,SK 195 WHHS -117,117,9,5
Western Heights High,WHHS Jnr Short Skirt,SK 195 WHHS -122,122,3,5
Western Heights High,WHHS Jnr Short Skirt,SK 195 WHHS -57,57,16,5
Western Heights High,WHHS Jnr Short Skirt,SK 195 WHHS -62,62,11,5
Western Heights High,WHHS Jnr Short Skirt,SK 195 WHHS -67,67,24,5
Western Heights High,WHHS Jnr Short Skirt,SK 195 WHHS -72,72,15,5
Western Heights High,WHHS Jnr Short Skirt,SK 195 WHHS -77,77,15,5
Western Heights High,WHHS Jnr Short Skirt,SK 195 WHHS -82,82,7,5
Western Heights High,WHHS Jnr Short Skirt,SK 195 WHHS -87,87,17,5
Western Heights High,WHHS Jnr Short Skirt,SK 195 WHHS -92,92,11,5
Western Heights High,WHHS Jnr Short Skirt,SK 195 WHHS -97,97,5,5
Western Heights High,WHHS Jnr Sky Polo,POLO 105J WHHS -10XL,10XL,0,5
Western Heights High,WHHS Jnr Sky Polo,POLO 105J WHHS -2XL,2XL,31,5
Western Heights High,WHHS Jnr Sky Polo,POLO 105J WHHS -3XL,3XL,8,5
Western Heights High,WHHS Jnr Sky Polo,POLO 105J WHHS -4XL,4XL,6,5
Western Heights High,WHHS Jnr Sky Polo,POLO 105J WHHS -5XL,5XL,2,5
Western Heights High,WHHS Jnr Sky Polo,POLO 105J WHHS -6XL,6XL,1,5
Western Heights High,WHHS Jnr Sky Polo,POLO 105J WHHS -7XL,7XL,3,5
Western Heights High,WHHS Jnr Sky Polo,POLO 105J WHHS -L,L,14,5
Western Heights High,WHHS Jnr Sky Polo,POLO 105J WHHS -M,M,28,5
Western Heights High,WHHS Jnr Sky Polo,POLO 105J WHHS -S,S,22,5
Western Heights High,WHHS Jnr Sky Polo,POLO 105J WHHS -XL,XL,31,5
Western Heights High,WHHS Jnr Sky Polo,POLO 105J WHHS -XS,XS,9,5
Western Heights High,WHHS Jnr Sky Polo,POLO 105KJ WHHS -10,10,15,5
Western Heights High,WHHS Jnr Sky Polo,POLO 105KJ WHHS -12,12,16,5
Western Heights High,WHHS Jnr Sky Polo,POLO 105KJ WHHS -14,14,20,5
Western Heights High,WHHS Jnr Sky Polo,POLO 105KJ WHHS -8,8,8,5
Western Heights High,WHHS PE Shirts,ITS 05 WHHS -2XL,2XL,12,5
Western Heights High,WHHS PE Shirts,ITS 05 WHHS -3XL,3XL,5,5
Western Heights High,WHHS PE Shirts,ITS 05 WHHS -4XL,4XL,4,5
Western Heights High,WHHS PE Shirts,ITS 05 WHHS -5XL,5XL,2,5
Western Heights High,WHHS PE Shirts,ITS 05 WHHS -6XL,6XL,4,5
Western Heights High,WHHS PE Shirts,ITS 05 WHHS -8XL,8XL,0,5
Western Heights High,WHHS PE Shirts,ITS 05 WHHS -L,L,26,5
Western Heights High,WHHS PE Shirts,ITS 05 WHHS -M,M,23,5
Western Heights High,WHHS PE Shirts,ITS 05 WHHS -S,S,22,5
Western Heights High,WHHS PE Shirts,ITS 05 WHHS -XL,XL,22,5
Western Heights High,WHHS PE Shirts,ITS 05 WHHS -XS,XS,30,5
Western Heights High,WHHS PE Shirts,ITS 05K FB WHHS -10K,10K,26,5
Western Heights High,WHHS PE Shirts,ITS 05K FB WHHS -12K,12K,8,5
Western Heights High,WHHS PE Shirts,ITS 05K FB WHHS -14K,14K,14,5
Western Heights High,WHHS PE Shorts,SH 11A CL WHHS -2XL,2XL,14,5
Western Heights High,WHHS PE Shorts,SH 11A CL WHHS -3XL,3XL,4,5
Western Heights High,WHHS PE Shorts,SH 11A CL WHHS -4XL,4XL,9,5
Western Heights High,WHHS PE Shorts,SH 11A CL WHHS -5XL,5XL,5,5
Western Heights High,WHHS PE Shorts,SH 11A CL WHHS -6XL,6XL,3,5
Western Heights High,WHHS PE Shorts,SH 11A CL WHHS -7XL,7XL,0,5
Western Heights High,WHHS PE Shorts,SH 11A CL WHHS -8XL,8XL,1,5
Western Heights High,WHHS PE Shorts,SH 11A CL WHHS -L,L,17,5
Western Heights High,WHHS PE Shorts,SH 11A CL WHHS -M,M,27,5
Western Heights High,WHHS PE Shorts,SH 11A CL WHHS -S,S,30,5
Western Heights High,WHHS PE Shorts,SH 11A CL WHHS -XL,XL,19,5
Western Heights High,WHHS PE Shorts,SH 11A CL WHHS -XS,XS,29,5
Western Heights High,WHHS PE Shorts,SH 11AK CL WHHS -10K,10K,14,5
Western Heights High,WHHS PE Shorts,SH 11AK CL WHHS -12K,12K,20,5
Western Heights High,WHHS PE Shorts,SH 11AK CL WHHS -14K,14K,13,5
Western Heights High,WHHS Snr Girls Short,DSH 002S WHHS -102,102,10,5
Western Heights High,WHHS Snr Girls Short,DSH 002S WHHS -107,107,4,5
Western Heights High,WHHS Snr Girls Short,DSH 002S WHHS -127,127,1,5
Western Heights High,WHHS Snr Girls Short,DSH 002S WHHS -62,62,7,5
Western Heights High,WHHS Snr Girls Short,DSH 002S WHHS -67,67,15,5
Western Heights High,WHHS Snr Girls Short,DSH 002S WHHS -72,72,15,5
Western Heights High,WHHS Snr Girls Short,DSH 002S WHHS -77,77,14,5
Western Heights High,WHHS Snr Girls Short,DSH 002S WHHS -82,82,22,5
Western Heights High,WHHS Snr Girls Short,DSH 002S WHHS -87,87,28,5
Western Heights High,WHHS Snr Girls Short,DSH 002S WHHS -92,92,13,5
Western Heights High,WHHS Snr Girls Short,DSH 002S WHHS -97,97,5,5
Western Heights High,WHHS Snr L/S Blouse,US BL 417L WHHS -10,10,14,5
Western Heights High,WHHS Snr L/S Blouse,US BL 417L WHHS -12,12,10,5
Western Heights High,WHHS Snr L/S Blouse,US BL 417L WHHS -14,14,6,5
Western Heights High,WHHS Snr L/S Blouse,US BL 417L WHHS -16,16,7,5
Western Heights High,WHHS Snr L/S Blouse,US BL 417L WHHS -18,18,9,5
Western Heights High,WHHS Snr L/S Blouse,US BL 417L WHHS -20,20,9,5
Western Heights High,WHHS Snr L/S Blouse,US BL 417L WHHS -22,22,6,5
Western Heights High,WHHS Snr L/S Blouse,US BL 417L WHHS -24,24,3,5
Western Heights High,WHHS Snr L/S Blouse,US BL 417L WHHS -26,26,3,5
Western Heights High,WHHS Snr L/S Blouse,US BL 417L WHHS -28,28,7,5
Western Heights High,WHHS Snr L/S Blouse,US BL 417L WHHS -30,30,2,5
Western Heights High,WHHS Snr L/S Blouse,US BL 417L WHHS -6,6,11,5
Western Heights High,WHHS Snr L/S Blouse,US BL 417L WHHS -8,8,15,5
Western Heights High,WHHS Snr L/S Shirt,US ST 468L WHHS -12,12,12,5
Western Heights High,WHHS Snr L/S Shirt,US ST 468L WHHS -14,14,10,5
Western Heights High,WHHS Snr L/S Shirt,US ST 468L WHHS -16,16,16,5
Western Heights High,WHHS Snr L/S Shirt,US ST 468L WHHS -2XL,2XL,32,5
Western Heights High,WHHS Snr L/S Shirt,US ST 468L WHHS -3XL,3XL,24,5
Western Heights High,WHHS Snr L/S Shirt,US ST 468L WHHS -4XL,4XL,18,5
Western Heights High,WHHS Snr L/S Shirt,US ST 468L WHHS -5XL,5XL,10,5
Western Heights High,WHHS Snr L/S Shirt,US ST 468L WHHS -L,L,19,5
Western Heights High,WHHS Snr L/S Shirt,US ST 468L WHHS -M,M,16,5
Western Heights High,WHHS Snr L/S Shirt,US ST 468L WHHS -S,S,15,5
Western Heights High,WHHS Snr L/S Shirt,US ST 468L WHHS -XL,XL,33,5
Western Heights High,WHHS Snr Navy Polo,POLO 105S WHHS -10,10,0,5
Western Heights High,WHHS Snr Navy Polo,POLO 105S WHHS -12,12,0,5
Western Heights High,WHHS Snr Navy Polo,POLO 105S WHHS -14,14,0,5
Western Heights High,WHHS Snr Navy Polo,POLO 105S WHHS -2XL,2XL,0,5
Western Heights High,WHHS Snr Navy Polo,POLO 105S WHHS -4XL,4XL,0,5
Western Heights High,WHHS Snr Navy Polo,POLO 105S WHHS -6XL,6XL,0,5
Western Heights High,WHHS Snr Navy Polo,POLO 105S WHHS -8,8,0,5
Western Heights High,WHHS Snr Navy Polo,POLO 105S WHHS -L,L,0,5
Western Heights High,WHHS Snr Navy Polo,POLO 105S WHHS -M,M,0,5
Western Heights High,WHHS Snr Navy Polo,POLO 105S WHHS -S,S,0,5
Western Heights High,WHHS Snr Navy Polo,POLO 105S WHHS -XL,XL,0,5
Western Heights High,WHHS Snr Navy Polo,POLO 105S WHHS -XS,XS,0,5
Western Heights High,WHHS Snr S/S Blouse,US BL 416 WHHS -10,10,59,5
Western Heights High,WHHS Snr S/S Blouse,US BL 416 WHHS -12,12,11,5
Western Heights High,WHHS Snr S/S Blouse,US BL 416 WHHS -14,14,29,5
Western Heights High,WHHS Snr S/S Blouse,US BL 416 WHHS -16,16,11,5
Western Heights High,WHHS Snr S/S Blouse,US BL 416 WHHS -18,18,12,5
Western Heights High,WHHS Snr S/S Blouse,US BL 416 WHHS -20,20,6,5
Western Heights High,WHHS Snr S/S Blouse,US BL 416 WHHS -22,22,11,5
Western Heights High,WHHS Snr S/S Blouse,US BL 416 WHHS -24,24,8,5
Western Heights High,WHHS Snr S/S Blouse,US BL 416 WHHS -26,26,3,5
Western Heights High,WHHS Snr S/S Blouse,US BL 416 WHHS -28,28,3,5
Western Heights High,WHHS Snr S/S Blouse,US BL 416 WHHS -30,30,3,5
Western Heights High,WHHS Snr S/S Blouse,US BL 416 WHHS -32,32,2,5
Western Heights High,WHHS Snr S/S Blouse,US BL 416 WHHS -6,6,10,5
Western Heights High,WHHS Snr S/S Blouse,US BL 416 WHHS -8,8,7,5
Western Heights High,WHHS Snr Shirt,US ST 467 WHHS -12,12,8,5
Western Heights High,WHHS Snr Shirt,US ST 467 WHHS -14,14,4,5
Western Heights High,WHHS Snr Shirt,US ST 467 WHHS -16,16,20,5
Western Heights High,WHHS Snr Shirt,US ST 467 WHHS -2XL,2XL,52,5
Western Heights High,WHHS Snr Shirt,US ST 467 WHHS -3XL,3XL,57,5
Western Heights High,WHHS Snr Shirt,US ST 467 WHHS -4XL,4XL,27,5
Western Heights High,WHHS Snr Shirt,US ST 467 WHHS -5XL,5XL,8,5
Western Heights High,WHHS Snr Shirt,US ST 467 WHHS -6XL,6XL,13,5
Western Heights High,WHHS Snr Shirt,US ST 467 WHHS -7XL,7XL,9,5
Western Heights High,WHHS Snr Shirt,US ST 467 WHHS -L,L,18,5
Western Heights High,WHHS Snr Shirt,US ST 467 WHHS -M,M,22,5
Western Heights High,WHHS Snr Shirt,US ST 467 WHHS -S,S,29,5
Western Heights High,WHHS Snr Shirt,US ST 467 WHHS -XL,XL,21,5
Western Heights High,WHHS Snr Shorts,US SH 703L WHHS -100,100,15,5
Western Heights High,WHHS Snr Shorts,US SH 703L WHHS -104,104,16,5
Western Heights High,WHHS Snr Shorts,US SH 703L WHHS -108,108,10,5
Western Heights High,WHHS Snr Shorts,US SH 703L WHHS -112,112,10,5
Western Heights High,WHHS Snr Shorts,US SH 703L WHHS -116,116,9,5
Western Heights High,WHHS Snr Shorts,US SH 703L WHHS -120,120,9,5
Western Heights High,WHHS Snr Shorts,US SH 703L WHHS -124,124,9,5
Western Heights High,WHHS Snr Shorts,US SH 703L WHHS -128,128,2,5
Western Heights High,WHHS Snr Shorts,US SH 703L WHHS -132,132,1,5
Western Heights High,WHHS Snr Shorts,US SH 703L WHHS -68,68,4,5
Western Heights High,WHHS Snr Shorts,US SH 703L WHHS -72,72,20,5
Western Heights High,WHHS Snr Shorts,US SH 703L WHHS -76,76,22,5
Western Heights High,WHHS Snr Shorts,US SH 703L WHHS -80,80,35,5
Western Heights High,WHHS Snr Shorts,US SH 703L WHHS -84,84,44,5
Western Heights High,WHHS Snr Shorts,US SH 703L WHHS -88,88,43,5
Western Heights High,WHHS Snr Shorts,US SH 703L WHHS -92,92,46,5
Western Heights High,WHHS Snr Shorts,US SH 703L WHHS -96,96,29,5
Western Heights High,WHHS Snr Skirt,US SK 189 WHHS -10,10,19,5
Western Heights High,WHHS Snr Skirt,US SK 189 WHHS -12,12,16,5
Western Heights High,WHHS Snr Skirt,US SK 189 WHHS -14,14,20,5
Western Heights High,WHHS Snr Skirt,US SK 189 WHHS -16,16,11,5
Western Heights High,WHHS Snr Skirt,US SK 189 WHHS -18,18,5,5
Western Heights High,WHHS Snr Skirt,US SK 189 WHHS -20,20,9,5
Western Heights High,WHHS Snr Skirt,US SK 189 WHHS -22,22,11,5
Western Heights High,WHHS Snr Skirt,US SK 189 WHHS -24,24,7,5
Western Heights High,WHHS Snr Skirt,US SK 189 WHHS -26,26,4,5
Western Heights High,WHHS Snr Skirt,US SK 189 WHHS -28,28,5,5
Western Heights High,WHHS Snr Skirt,US SK 189 WHHS -34,34,2,5
Western Heights High,WHHS Snr Skirt,US SK 189 WHHS -4,4,5,5
Western Heights High,WHHS Snr Skirt,US SK 189 WHHS -6,6,13,5
Western Heights High,WHHS Snr Skirt,US SK 189 WHHS -8,8,20,5
Western Heights High,WHHS Snr Trouser,US PT 703L WHHS -100,100,11,5
Western Heights High,WHHS Snr Trouser,US PT 703L WHHS -104,104,10,5
Western Heights High,WHHS Snr Trouser,US PT 703L WHHS -108,108,10,5
Western Heights High,WHHS Snr Trouser,US PT 703L WHHS -112,112,6,5
Western Heights High,WHHS Snr Trouser,US PT 703L WHHS -116,116,4,5
Western Heights High,WHHS Snr Trouser,US PT 703L WHHS -120,120,3,5
Western Heights High,WHHS Snr Trouser,US PT 703L WHHS -68,68,0,5
Western Heights High,WHHS Snr Trouser,US PT 703L WHHS -72,72,19,5
Western Heights High,WHHS Snr Trouser,US PT 703L WHHS -76,76,25,5
Western Heights High,WHHS Snr Trouser,US PT 703L WHHS -80,80,36,5
Western Heights High,WHHS Snr Trouser,US PT 703L WHHS -84,84,45,5
Western Heights High,WHHS Snr Trouser,US PT 703L WHHS -88,88,50,5
Western Heights High,WHHS Snr Trouser,US PT 703L WHHS -92,92,45,5
Western Heights High,WHHS Snr Trouser,US PT 703L WHHS -96,96,28,5
