Category,Product,Code,Size,Jan-22,Feb-22,Mar-22,Apr-22,May-22,Jun-22,Jul-22,Aug-22,Sep-22,Oct-22,Nov-22,Dec-22,Jan-23,Feb-23,Mar-23,Apr-23,May-23,Jun-23,Jul-23,Aug-23,Sep-23,Oct-23,Nov-23,Dec-23,Jan-24,Feb-24,Mar-24,Apr-24,May-24,Jun-24,Jul-24,Aug-24,Sep-24,Oct-24,Nov-24,Dec-24,Jan-25,Feb-25,Mar-25,Apr-25,May-25
Alfriston College,ALF Boys Ink Trousers,US PT 703L ALF -100,100,6,7,1,,1,2,1,1,,1,,2,8,6,4,1,,2,0,2,1,,,,6,12,1,,5,2,,2,,2,,,5,7,1,3,2
Alfriston College,ALF Boys Ink Trousers,US PT 703L ALF -104,104,5,6,,,,,2,1,2,1,,,11,6,,1,2,,,1,1,,,1,16,10,3,,2,,1,,,-1,,,13,1,1,1,2
Alfriston College,ALF Boys Ink Trousers,US PT 703L ALF -108,108,1,1,2,2,3,,1,,1,3,,,4,1,,,4,,0,3,,,,,4,5,1,1,0,3,,1,,,,,7,3,,2,3
Alfriston College,ALF Boys Ink Trousers,US PT 703L ALF -112,112,4,6,1,,,1,,,2,2,,,1,3,1,,1,,0,-1,1,2,,1,4,2,,2,0,,,,,,,,2,0,,2,2
Alfriston College,ALF Boys Ink Trousers,US PT 703L ALF -116,116,,3,,,,,1,,,,,,1,3,1,1,-1,,0,,,,,,1,,,,,1,,,,,,,2,5,,,
Alfriston College,ALF Boys Ink Trousers,US PT 703L ALF -120,120,1,2,1,,1,1,,,,,1,,,5,,,1,,2,,,,,,,1,,1,1,1,,,,,,,1,2,,1,
Alfriston College,ALF Boys Ink Trousers,US PT 703L ALF -124,124,,,,,,,,,,,,,,,,,,,,,,,,,3,,,1,,1,,,,,,1,,,,,
Alfriston College,ALF Boys Ink Trousers,US PT 703L ALF -128,128,,,,,,,,,,,,,,,,,,,,,,,,,2,,,,,,,,,,,,2,2,,1,
Alfriston College,ALF Boys Ink Trousers,US PT 703L ALF -152,152,,,,,,,,,,,,,,,-1,,2,,,,,,,,1,,,,,,,,,,,,,,,,
Alfriston College,ALF Boys Ink Trousers,US PT 703L ALF -64,64,,,,,,,,,,,,,,,,,,,,,,,,,,1,,,1,,,,,,,,,-1,,,
Alfriston College,ALF Boys Ink Trousers,US PT 703L ALF -68,68,3,,1,2,1,,,,,,,,2,4,1,,1,,,-1,1,3,,2,8,0,2,,2,,1,,,,,,2,1,,,
Alfriston College,ALF Boys Ink Trousers,US PT 703L ALF -72,72,6,4,2,3,4,,,,,1,,,6,13,3,,,1,1,1,3,5,,1,7,5,1,3,2,1,2,,,1,,,15,3,1,,1
Alfriston College,ALF Boys Ink Trousers,US PT 703L ALF -76,76,5,4,1,,6,8,1,1,1,1,2,,16,4,3,2,-1,2,6,2,1,2,1,1,18,17,3,,2,3,1,,,1,,1,17,7,2,2,3
Alfriston College,ALF Boys Ink Trousers,US PT 703L ALF -80,80,14,7,3,5,7,3,2,1,1,,,1,17,19,8,2,3,4,,6,1,1,1,,15,12,2,5,2,5,4,3,,,1,1,22,10,2,3,4
Alfriston College,ALF Boys Ink Trousers,US PT 703L ALF -84,84,5,11,3,6,6,7,4,1,,3,3,2,13,9,4,2,5,0,1,4,5,1,0,5,18,16,3,1,9,1,2,1,2,2,,2,16,11,7,1,8
Alfriston College,ALF Boys Ink Trousers,US PT 703L ALF -88,88,8,9,2,4,10,3,,1,1,0,3,,14,13,4,5,9,1,3,2,1,2,1,,17,17,3,5,8,0,3,5,2,,2,,38,7,1,2,4
Alfriston College,ALF Boys Ink Trousers,US PT 703L ALF -92,92,10,4,1,2,5,4,1,,1,,2,2,9,17,6,1,5,2,2,1,,,1,,20,13,1,1,7,6,3,3,,,,,25,11,2,,0
Alfriston College,ALF Boys Ink Trousers,US PT 703L ALF -96,96,12,4,3,1,2,3,3,2,1,,1,,11,6,5,,2,,,2,,,,,19,5,2,1,3,4,1,1,1,,,,19,7,6,2,1
Alfriston College,ALF Jacket,US JKT 701 ALF -2XL,2XL,8,4,1,3,1,1,3,1,2,,,,5,6,1,,2,2,-1,1,,0,,,5,8,3,3,2,,,4,,,,,6,1,,1,1
Alfriston College,ALF Jacket,US JKT 701 ALF -2XS,2XS,,,,,,,,,,,,,1,,,,,,,,,,,,,,,,,,,,,,,,,,,,
Alfriston College,ALF Jacket,US JKT 701 ALF -3XL,3XL,5,2,,1,4,1,,,,,,,,5,,1,1,,,1,,,1,,2,1,1,,3,1,,,,1,,,,3,,3,
Alfriston College,ALF Jacket,US JKT 701 ALF -4XL,4XL,2,3,1,2,1,,1,1,,,,,2,,,1,3,,,,,,,,2,1,3,,2,,,,,,,,1,1,3,,1
Alfriston College,ALF Jacket,US JKT 701 ALF -5XL,5XL,1,,,1,3,2,1,1,,,,,2,3,1,,3,1,,1,,,,,1,,,,2,1,,,,,,,1,1,1,1,1
Alfriston College,ALF Jacket,US JKT 701 ALF -7XL,7XL,,,,,,,1,,,,,,,,,,,,,,,,,,,,,,,,,,,,,,,,,,
Alfriston College,ALF Jacket,US JKT 701 ALF -L,L,23,9,3,4,6,,1,5,,,1,,12,17,2,3,1,7,,1,2,3,1,,12,7,9,5,10,2,2,1,1,,,,17,3,1,,3
Alfriston College,ALF Jacket,US JKT 701 ALF -M,M,20,18,7,8,10,3,3,4,,,,3,20,16,5,4,12,1,1,3,1,1,2,1,27,21,16,6,8,4,5,1,1,,,,20,10,10,4,8
Alfriston College,ALF Jacket,US JKT 701 ALF -S,S,20,13,1,1,7,2,2,,,2,,,17,23,6,3,5,4,,3,3,2,1,,18,14,10,3,6,4,1,2,1,3,1,3,25,8,3,,4
Alfriston College,ALF Jacket,US JKT 701 ALF -XL,XL,15,13,1,3,1,3,3,1,1,,,2,11,9,4,1,3,0,1,1,,1,,,12,7,5,4,2,,,,,,,,6,2,1,3,1
Alfriston College,ALF Jacket,US JKT 701 ALF -XS,XS,25,7,3,2,4,2,,,,,,,13,11,1,,4,,2,2,1,6,-1,3,16,10,12,2,2,4,2,1,1,,,,10,4,5,2,3
Alfriston College,ALF Jnr Blouse,US BL 400J ALF -10,10,16,10,3,,,,,2,,2,,,9,7,,,5,1,,1,,4,,,30,2,-1,2,3,,1,2,,,1,3,40,6,,1,1
Alfriston College,ALF Jnr Blouse,US BL 400J ALF -12,12,29,21,2,,,,1,2,,,,,25,26,,3,,,,1,1,2,,2,26,37,5,,,3,3,,,-1,1,,42,28,1,1,2
Alfriston College,ALF Jnr Blouse,US BL 400J ALF -14,14,36,24,-1,6,9,,,1,1,,,2,15,25,2,3,4,,3,1,1,1,,2,24,33,1,1,1,2,5,3,,2,,3,47,24,11,7,1
Alfriston College,ALF Jnr Blouse,US BL 400J ALF -16,16,13,17,2,4,1,,,3,,1,,,24,15,2,,4,1,1,,,3,,4,19,9,,,,,3,3,,1,,,23,11,5,4,
Alfriston College,ALF Jnr Blouse,US BL 400J ALF -18,18,16,5,,5,2,2,,1,,,,,10,5,2,,,,,1,1,,,,15,6,4,5,1,1,3,,1,-1,,,20,3,2,1,
Alfriston College,ALF Jnr Blouse,US BL 400J ALF -20,20,4,15,3,3,,2,,,1,,,2,10,10,,1,,,1,,,,1,,9,,,,,,,,,3,,,9,2,2,3,
Alfriston College,ALF Jnr Blouse,US BL 400J ALF -22,22,6,3,,,2,,,,1,,,,4,7,,,,,,1,,,,,3,1,,,1,,,,,,,,1,2,,,
Alfriston College,ALF Jnr Blouse,US BL 400J ALF -24,24,5,4,1,,,,2,1,,,,,0,2,,,2,,,,,,,,3,,1,,2,,,,,,,,3,,,,
Alfriston College,ALF Jnr Blouse,US BL 400J ALF -26,26,2,1,,,,,,1,,,,,3,,,,,,,,,,,1,,,,,,,,,,2,,,3,1,,,
Alfriston College,ALF Jnr Blouse,US BL 400J ALF -28,28,1,,,,,,,,,,,,2,1,,,,,,,,,,,3,2,,,,,1,,,,,,,1,,,
Alfriston College,ALF Jnr Blouse,US BL 400J ALF -30,30,,,,,,,,,,,,,,,,,,,,,,,,,1,,,,,,,,,,,,2,,,,
Alfriston College,ALF Jnr Blouse,US BL 400J ALF -6,6,7,1,2,,,,,,,,,,7,,2,,,1,,3,,,,3,7,,,,,1,,,,1,3,,15,4,,,
Alfriston College,ALF Jnr Blouse,US BL 400J ALF -8,8,15,3,1,,2,1,1,,2,3,,,17,9,1,,,,2,2,,3,,,26,8,4,1,3,2,,3,,,,,34,,,2,4
Alfriston College,ALF Jnr Shirt,US ST 451J ALF -10,10,16,1,,1,,,,,,,,,11,6,,,,,,1,2,4,,,15,1,3,1,2,,1,,,,,,13,4,,,
Alfriston College,ALF Jnr Shirt,US ST 451J ALF -12,12,18,8,,,,,,,,,,,16,9,1,,,,,0,,3,1,1,22,3,,3,,,4,1,,,,,17,7,2,1,4
Alfriston College,ALF Jnr Shirt,US ST 451J ALF -14,14,22,10,,1,3,,,,,,,,24,18,5,,1,,1,3,2,2,,,33,13,2,3,,,2,3,2,,,3,51,5,1,,1
Alfriston College,ALF Jnr Shirt,US ST 451J ALF -2XL,2XL,16,19,1,4,2,,1,,,,,,13,13,1,,2,-2,-2,,,3,,,9,22,1,2,1,,,,,,3,,13,11,1,3,2
Alfriston College,ALF Jnr Shirt,US ST 451J ALF -3XL,3XL,7,12,3,2,,1,,,1,,3,,5,5,1,1,-2,,,,1,,,,10,6,,,,,1,,2,,,,4,,,2,
Alfriston College,ALF Jnr Shirt,US ST 451J ALF -4XL,4XL,6,3,,,,,,,,1,,,8,2,,,,,,1,,,,,1,4,,,,,,,,,,,6,5,1,,
Alfriston College,ALF Jnr Shirt,US ST 451J ALF -5XL,5XL,6,1,,,,,,1,,1,1,,,3,1,,2,,,,,,,,2,,,,,,,,,,,1,4,1,,1,
Alfriston College,ALF Jnr Shirt,US ST 451J ALF -6XL,6XL,1,3,,3,6,,,,,,,,2,4,,,,1,,1,,,,,3,1,,1,,,,,,,,,,,,,
Alfriston College,ALF Jnr Shirt,US ST 451J ALF -7XL,7XL,,,,,,,,,,,,,,,,,,,,1,,,,,,,,,,,,,,,,1,1,1,,,
Alfriston College,ALF Jnr Shirt,US ST 451J ALF -L,L,33,14,7,1,,2,2,,1,2,3,,17,19,4,,3,2,2,,2,2,4,,32,25,0,,4,1,1,,,-1,,2,30,11,1,3,1
Alfriston College,ALF Jnr Shirt,US ST 451J ALF -M,M,36,27,5,1,4,,2,,1,,1,1,16,24,4,1,3,4,2,3,1,3,2,4,33,35,5,,1,1,,1,,,,,37,16,2,1,2
Alfriston College,ALF Jnr Shirt,US ST 451J ALF -S,S,23,15,3,,,2,,,,,1,1,23,20,6,3,3,1,1,7,1,,,1,34,11,2,4,2,,4,1,2,2,,,33,12,5,2,1
Alfriston College,ALF Jnr Shirt,US ST 451J ALF -XL,XL,27,27,3,,4,,1,,,,,1,16,16,5,1,1,1,,1,1,1,1,,39,9,2,3,1,,,,,,,,16,5,3,1,1
Alfriston College,ALF Long Skirt,US SK 554 ALF -10,10,1,5,5,3,,1,-1,4,2,3,1,,15,2,3,2,5,1,4,2,,4,2,,18,22,,,,1,1,3,,2,1,3,31,14,4,2,3
Alfriston College,ALF Long Skirt,US SK 554 ALF -12,12,6,7,,1,4,,1,2,,2,,1,20,5,0,4,,1,1,3,,,1,1,14,14,5,2,1,4,2,2,1,1,2,1,30,8,,2,3
Alfriston College,ALF Long Skirt,US SK 554 ALF -14,14,8,2,1,2,3,2,1,4,5,3,,,14,,2,2,4,-1,,4,,2,-1,,21,8,5,,4,1,3,2,,-1,,,30,12,0,,
Alfriston College,ALF Long Skirt,US SK 554 ALF -16,16,4,7,,2,1,1,1,2,,2,,,10,15,3,,2,1,2,3,,1,1,,18,11,2,4,1,2,3,1,,1,,,29,11,3,1,
Alfriston College,ALF Long Skirt,US SK 554 ALF -18,18,1,9,2,1,1,1,,2,,5,,,11,12,3,1,2,3,,1,,2,,,16,1,,1,,1,1,,,1,,,22,7,3,,
Alfriston College,ALF Long Skirt,US SK 554 ALF -20,20,1,4,,3,,1,,1,1,,,,5,6,,,3,1,1,,1,1,,,10,2,1,,,2,1,1,1,,,,4,3,2,,2
Alfriston College,ALF Long Skirt,US SK 554 ALF -22,22,2,1,1,,,,2,-1,1,1,1,,1,3,1,,1,,1,,1,2,,,5,1,,2,,,,1,1,,,1,6,1,2,,1
Alfriston College,ALF Long Skirt,US SK 554 ALF -24,24,,2,,,,,,,1,,,,1,1,1,,,,,,,,,,3,,,,3,,,,,1,,,4,,,,
Alfriston College,ALF Long Skirt,US SK 554 ALF -26,26,,1,,,,,,,,,,,5,,,,1,,,,,,,,,2,,,,,,,,1,,,,2,,,
Alfriston College,ALF Long Skirt,US SK 554 ALF -28,28,,,,,,,,1,,,,,,,,,,,,,,,,,3,,,,,,,,,1,,,3,,,,
Alfriston College,ALF Long Skirt,US SK 554 ALF -4,4,,,,,,,,1,,,,,,1,1,,,1,,,,,,,6,4,,,2,2,,,1,,,,4,3,,1,0
Alfriston College,ALF Long Skirt,US SK 554 ALF -6,6,,,2,,3,,,2,,1,,,3,6,2,2,1,2,1,1,,1,2,3,16,2,1,,2,,1,,1,,2,,15,2,1,,
Alfriston College,ALF Long Skirt,US SK 554 ALF -8,8,1,1,2,1,3,3,4,4,1,1,,,5,2,6,,2,2,1,1,3,3,,,10,12,,,7,1,1,1,,1,2,1,28,3,,,2
Alfriston College,ALF Navy Skirt,US SK 502 ALF -10,10,15,3,,1,,,,1,,,,,10,12,,2,,1,,,,,,,12,6,,,,,,,,1,,,10,3,5,,
Alfriston College,ALF Navy Skirt,US SK 502 ALF -12,12,18,10,4,2,1,,,1,,,,,4,9,1,,,,,2,1,1,,,3,8,,,,,,,,,,1,9,2,,1,
Alfriston College,ALF Navy Skirt,US SK 502 ALF -14,14,19,4,1,,4,,,,1,,1,,4,5,2,1,4,-1,,,,,,2,3,3,2,,,,,1,,,,,8,,1,,
Alfriston College,ALF Navy Skirt,US SK 502 ALF -16,16,5,6,1,4,-2,,1,1,,,,,12,4,3,,,,,,,,,1,7,1,1,1,1,,1,2,,,,,3,1,,2,
Alfriston College,ALF Navy Skirt,US SK 502 ALF -18,18,3,6,,,1,1,,,,,,,4,1,,1,,,,,,,1,,4,,,,,,,,,,,,4,1,,1,
Alfriston College,ALF Navy Skirt,US SK 502 ALF -20,20,2,1,,,,,,,,,1,,2,4,,,,,,,,,,,5,,,,,,,,,,,,-1,,,,
Alfriston College,ALF Navy Skirt,US SK 502 ALF -22,22,4,4,,,,,,,,,,,,,,,,,,,,1,,,2,1,,,,,,,,,,,,1,,,
Alfriston College,ALF Navy Skirt,US SK 502 ALF -24,24,2,,,,,,,,,,,,,,,,,,,,,,,,,,,,1,,,,,,,,1,,3,,
Alfriston College,ALF Navy Skirt,US SK 502 ALF -26,26,,,1,,,,,,,,,,2,,,,,,,,,,,,,,,,,,,,,,,,1,,,,
Alfriston College,ALF Navy Skirt,US SK 502 ALF -4,4,5,,,,,,,,,,,,5,,,,,,,,,,,,6,1,,,,,,,,,,,,3,,,
Alfriston College,ALF Navy Skirt,US SK 502 ALF -6,6,32,7,,,,1,,,,,,,9,7,,,,,1,,1,2,,3,9,8,3,,1,,,,,,,,9,,,1,0
Alfriston College,ALF Navy Skirt,US SK 502 ALF -8,8,12,11,1,,2,1,,2,,,1,2,9,17,,,5,,,,,1,,,14,9,4,,,,,,,,,,13,2,1,2,1
Alfriston College,ALF Snr Blouse,US BL 401S ALF -10,10,24,4,,,3,,,,,,,1,17,6,4,1,,1,,1,1,1,2,,31,1,1,1,2,1,,1,,,,,21,9,5,2,2
Alfriston College,ALF Snr Blouse,US BL 401S ALF -12,12,27,4,,,,,,,1,,1,2,18,5,1,,2,1,,3,,2,1,,23,11,2,1,,,,2,,,1,2,40,4,2,,3
Alfriston College,ALF Snr Blouse,US BL 401S ALF -14,14,21,9,1,1,,,,1,1,2,5,,16,13,,2,1,1,,1,,,,,25,8,8,,2,,,,,,2,,24,9,1,,
Alfriston College,ALF Snr Blouse,US BL 401S ALF -16,16,13,8,1,,,,2,2,,2,1,,11,7,4,1,,,2,,,,1,,18,6,1,1,,2,,,1,1,,2,18,3,1,2,
Alfriston College,ALF Snr Blouse,US BL 401S ALF -18,18,7,3,,4,-2,1,0,,,,,,4,6,,,,,,,,,,,16,4,,1,,,,,0,,2,,12,2,1,1,1
Alfriston College,ALF Snr Blouse,US BL 401S ALF -20,20,4,2,,,,,1,,,,,,6,5,,,,1,,,,,,,11,,,,,,1,1,,1,,,10,5,,,
Alfriston College,ALF Snr Blouse,US BL 401S ALF -22,22,5,3,,,,,,,1,,,2,2,2,,,1,,,,,1,,,12,1,,,3,,,,,,,,9,3,3,,
Alfriston College,ALF Snr Blouse,US BL 401S ALF -24,24,2,2,,,,,,,,,,,,,,,,,,,,,,,7,,,,,,,,,,,,4,2,,,
Alfriston College,ALF Snr Blouse,US BL 401S ALF -26,26,2,1,,,,,,1,,,,,3,,,,,,,,,,,,,,,,,,,,,,,,4,2,,1,1
Alfriston College,ALF Snr Blouse,US BL 401S ALF -28,28,,,,,,,,,,,,,,,,,,,,,,,,,1,,,,,,1,,,,,,2,,1,,
Alfriston College,ALF Snr Blouse,US BL 401S ALF -6,6,5,,,,,,,,,,,,3,7,2,,,,,,1,1,,4,11,,,1,2,,,,,,,,15,2,,1,
Alfriston College,ALF Snr Blouse,US BL 401S ALF -8,8,15,2,,,2,,,,,,,,21,6,1,,,,1,2,1,1,1,2,23,9,1,,4,,,,1,,2,2,16,8,1,4,2
Mt Albert Grammar,Mags Uniform Jnr Blouse L/S White (MG030),US BL 420L MAGS -10,10,,,,,,,,,,,,,,,,,,,,,,,,,6,1,3,4,2,1,,1,,2,3,,6,1,4,1,1
Mt Albert Grammar,Mags Uniform Jnr Blouse L/S White (MG030),US BL 420L MAGS -12,12,,,,,,,,,,,,,,,,,,,,,,,,,3,4,2,,3,2,2,2,,1,6,,1,4,,1,
Mt Albert Grammar,Mags Uniform Jnr Blouse L/S White (MG030),US BL 420L MAGS -14,14,,,,,,,,,,,,,,,,,,,,,,,,,3,,,,2,,,1,2,,2,,3,3,1,,
Mt Albert Grammar,Mags Uniform Jnr Blouse L/S White (MG030),US BL 420L MAGS -16,16,,,,,,,,,,,,,,,,,,,,,,,,,,1,3,,,,1,,,,1,,,,3,1,1
Mt Albert Grammar,Mags Uniform Jnr Blouse L/S White (MG030),US BL 420L MAGS -18,18,,,,,,,,,,,,,,,,,,,,,,,,,1,,,,2,,,,,,,,,2,2,,
Mt Albert Grammar,Mags Uniform Jnr Blouse L/S White (MG030),US BL 420L MAGS -20,20,,,,,,,,,,,,,,,,,,,,,,,,,,1,,,1,,,2,,,,,,,,,
Mt Albert Grammar,Mags Uniform Jnr Blouse L/S White (MG030),US BL 420L MAGS -6,6,,,,,,,,,,,,,,,,,,,,,,,,,1,1,,1,,1,,,,,2,,,,1,,
Mt Albert Grammar,Mags Uniform Jnr Blouse L/S White (MG030),US BL 420L MAGS -8,8,,,,,,,,,,,,,,,,,,,,,,,,,5,3,3,,4,1,2,,,1,,,7,1,-2,,1
Mt Albert Grammar,Mags Uniform Jnr Blouse SS White/Navy (MG014),US BL 420 MAGS -10,10,,,,,,,,,,,,,,,,,,,,,,,,52,139,26,6,6,7,9,8,5,5,29,49,19,132,26,10,11,4
Mt Albert Grammar,Mags Uniform Jnr Blouse SS White/Navy (MG014),US BL 420 MAGS -12,12,,,,,,,,,,,,,,,,,,,,,,,,51,124,37,4,9,1,5,12,7,6,16,39,16,90,28,14,4,2
Mt Albert Grammar,Mags Uniform Jnr Blouse SS White/Navy (MG014),US BL 420 MAGS -14,14,,,,,,,,,,,,,,,,,,,,,,,,12,69,16,9,9,1,5,5,4,7,6,13,12,61,15,9,3,2
Mt Albert Grammar,Mags Uniform Jnr Blouse SS White/Navy (MG014),US BL 420 MAGS -16,16,,,,,,,,,,,,,,,,,,,,,,,,4,30,6,5,3,5,,8,,1,8,10,6,32,3,7,4,2
Mt Albert Grammar,Mags Uniform Jnr Blouse SS White/Navy (MG014),US BL 420 MAGS -18,18,,,,,,,,,,,,,,,,,,,,,,,,2,20,1,1,5,3,3,,,,4,,3,13,3,,2,
Mt Albert Grammar,Mags Uniform Jnr Blouse SS White/Navy (MG014),US BL 420 MAGS -20,20,,,,,,,,,,,,,,,,,,,,,,,,2,2,2,,1,2,,,,,,,,11,0,,1,2
Mt Albert Grammar,Mags Uniform Jnr Blouse SS White/Navy (MG014),US BL 420 MAGS -22,22,,,,,,,,,,,,,,,,,,,,,,,,3,11,1,,2,,,,,,,,1,10,1,,,
Mt Albert Grammar,Mags Uniform Jnr Blouse SS White/Navy (MG014),US BL 420 MAGS -24,24,,,,,,,,,,,,,,,,,,,,,,,,2,2,1,,,,,,,,,,,6,1,,,
Mt Albert Grammar,Mags Uniform Jnr Blouse SS White/Navy (MG014),US BL 420 MAGS -26,26,,,,,,,,,,,,,,,,,,,,,,,,2,,,,,,,,,,,,,2,1,,,
Mt Albert Grammar,Mags Uniform Jnr Blouse SS White/Navy (MG014),US BL 420 MAGS -30,30,,,,,,,,,,,,,,,,,,,,,,,,,,,,2,,,,,,,,,2,,,,
Mt Albert Grammar,Mags Uniform Jnr Blouse SS White/Navy (MG014),US BL 420 MAGS -32,32,,,,,,,,,,,,,,,,,,,,,,,,,,,,,1,,,,,,,,2,,,,
Mt Albert Grammar,Mags Uniform Jnr Blouse SS White/Navy (MG014),US BL 420 MAGS -6,6,,,,,,,,,,,,,,,,,,,,,,,,5,15,1,,4,,,2,,1,1,4,6,18,5,1,5,2
Mt Albert Grammar,Mags Uniform Jnr Blouse SS White/Navy (MG014),US BL 420 MAGS -8,8,,,,,,,,,,,,,,,,,,,,,,,,31,82,7,3,4,6,4,7,1,3,7,45,8,63,13,5,4,7
Mt Albert Grammar,Mags Uniform Jnr Blouse SS White/Navy (MG014),US BL 420 MAGS -SPCL,SPCL,,,,,,,,,,,,,,,,,,,,,,,,,,2,,,,,,,,,,,,,,,
Mt Albert Grammar,Mags Uniform Jumper Navy/Sky (MG009),USL MG009 SKY STRIPES -10XL,10XL,,,,,,,,,,,,,,,,,,,,,,,,,1,,,,,,1,,,,,,1,-1,,,
Mt Albert Grammar,Mags Uniform Jumper Navy/Sky (MG009),USL MG009 SKY STRIPES -2XL,2XL/112,,,,,,,,,,,,,,,,,,,,,,,,3,27,11,14,3,15,11,11,6,,7,10,2,29,3,10,3,9
Mt Albert Grammar,Mags Uniform Jumper Navy/Sky (MG009),USL MG009 SKY STRIPES -3XL,3XL/117,,,,,,,,,,,,,,,,,,,,,,,,3,10,2,3,2,,7,6,1,1,0,2,3,8,6,5,2,2
Mt Albert Grammar,Mags Uniform Jumper Navy/Sky (MG009),USL MG009 SKY STRIPES -4XL,4XL/122,,,,,,,,,,,,,,,,,,,,,,,,,1,1,2,5,1,,3,2,,2,2,,5,2,1,1,
Mt Albert Grammar,Mags Uniform Jumper Navy/Sky (MG009),USL MG009 SKY STRIPES -5XL,5XL/127,,,,,,,,,,,,,,,,,,,,,,,,4,1,,,1,,,,1,,,1,,4,,2,,4
Mt Albert Grammar,Mags Uniform Jumper Navy/Sky (MG009),USL MG009 SKY STRIPES -7XL,7XL/137,,,,,,,,,,,,,,,,,,,,,,,,,5,1,1,2,3,,1,,,,1,,,1,,2,1
Mt Albert Grammar,Mags Uniform Jumper Navy/Sky (MG009),USL MG009 SKY STRIPES -L,L/102,,,,,,,,,,,,,,,,,,,,,,,,1,53,22,13,,5,10,19,8,3,9,34,17,68,3,21,12,14
Mt Albert Grammar,Mags Uniform Jumper Navy/Sky (MG009),USL MG009 SKY STRIPES -M,M/97,,,,,,,,,,,,,,,,,,,,,,,,39,90,22,31,5,14,20,14,12,6,11,43,14,109,22,23,18,18
Mt Albert Grammar,Mags Uniform Jumper Navy/Sky (MG009),USL MG009 SKY STRIPES -S,S/92,,,,,,,,,,,,,,,,,,,,,,,,3,77,14,21,8,2,,4,3,4,6,28,13,46,11,10,6,9
Mt Albert Grammar,Mags Uniform Jumper Navy/Sky (MG009),USL MG009 SKY STRIPES -XL,XL/107,,,,,,,,,,,,,,,,,,,,,,,,14,53,16,18,2,10,18,15,15,10,5,17,11,53,13,13,11,18
Mt Albert Grammar,Mags Uniform Jumper Navy/Sky (MG009),USL MG009 SKY STRIPES -XS,XS/87,,,,,,,,,,,,,,,,,,,,,,,,12,11,5,2,1,4,4,5,,,4,9,5,10,1,1,-1,7
Mt Albert Grammar,Mags Uniform Jumper Navy/Sky (MG009),USL MG009 SKY STRIPES -XXS,XXS/82,,,,,,,,,,,,,,,,,,,,,,,,,0,1,,,,,1,,,,1,,,,,,
Mt Albert Grammar,Mags Uniform LS Shirt White (MG017),MG017 -16,16,,,,,,,,,,,,,,,,,,,,,,,,5,,,,,1,,,,,,1,,1,,,,
Mt Albert Grammar,Mags Uniform LS Shirt White (MG017),MG017 -37,37,,,,,,,,,,,,,,,,,,,,,,,,1,,,,,,,,,,,2,,,,,,
Mt Albert Grammar,Mags Uniform LS Shirt White (MG017),MG017 -38,38,,,,,,,,,,,,,,,,,,,,,,,,2,4,3,1,,1,,,,,,2,,2,,,,1
Mt Albert Grammar,Mags Uniform LS Shirt White (MG017),MG017 -40,40,,,,,,,,,,,,,,,,,,,,,,,,2,6,2,2,3,3,,,1,,,4,,6,2,,2,2
Mt Albert Grammar,Mags Uniform LS Shirt White (MG017),MG017 -42,42,,,,,,,,,,,,,,,,,,,,,,,,1,2,2,3,1,2,,,1,,,4,,2,2,,2,5
Mt Albert Grammar,Mags Uniform LS Shirt White (MG017),MG017 -44,44,,,,,,,,,,,,,,,,,,,,,,,,1,1,2,,,1,,,,,,,,1,2,,1,
Mt Albert Grammar,Mags Uniform LS Shirt White (MG017),MG017 -46,46,,,,,,,,,,,,,,,,,,,,,,,,1,,,,,,,,,,,1,,,,,,1
Mt Albert Grammar,Mags Uniform LS Shirt White (MG017),MG017 -48,48,,,,,,,,,,,,,,,,,,,,,,,,,,,,,,,1,,,,,,,,,,
Mt Albert Grammar,Mags Uniform Polo Jnr Grey/Navy (MG012),POLO MG012 MAGS -2XL,2XL,,,,,,,,,,,,,,,,,,,,,,,,8,22,7,,,3,3,4,,2,,4,1,21,10,2,,
Mt Albert Grammar,Mags Uniform Polo Jnr Grey/Navy (MG012),POLO MG012 MAGS -3XL,3XL,,,,,,,,,,,,,,,,,,,,,,,,3,15,1,,,2,,,,,3,,,11,,2,,3
Mt Albert Grammar,Mags Uniform Polo Jnr Grey/Navy (MG012),POLO MG012 MAGS -4XL,4XL,,,,,,,,,,,,,,,,,,,,,,,,,13,2,,,,,,,,1,,,3,,,1,3
Mt Albert Grammar,Mags Uniform Polo Jnr Grey/Navy (MG012),POLO MG012 MAGS -5XL,5XL,,,,,,,,,,,,,,,,,,,,,,,,,2,7,,,,2,2,,,,,,4,1,,,
Mt Albert Grammar,Mags Uniform Polo Jnr Grey/Navy (MG012),POLO MG012 MAGS -7XL,7XL,,,,,,,,,,,,,,,,,,,,,,,,,5,,1,,1,,,,,,,,2,2,,,
Mt Albert Grammar,Mags Uniform Polo Jnr Grey/Navy (MG012),POLO MG012 MAGS -L,L,,,,,,,,,,,,,,,,,,,,,,,,11,121,22,8,12,8,12,16,1,4,7,26,3,104,16,17,14,8
Mt Albert Grammar,Mags Uniform Polo Jnr Grey/Navy (MG012),POLO MG012 MAGS -LB,LB,,,,,,,,,,,,,,,,,,,,,,,,14,48,2,,,-2,,1,,,1,26,9,40,3,,,4
Mt Albert Grammar,Mags Uniform Polo Jnr Grey/Navy (MG012),POLO MG012 MAGS -M,M,,,,,,,,,,,,,,,,,,,,,,,,38,204,38,10,9,15,4,23,14,5,18,48,22,207,29,5,,4
Mt Albert Grammar,Mags Uniform Polo Jnr Grey/Navy (MG012),POLO MG012 MAGS -MB,MB,,,,,,,,,,,,,,,,,,,,,,,,10,8,-2,,,1,1,2,,,,6,2,10,1,,,3
Mt Albert Grammar,Mags Uniform Polo Jnr Grey/Navy (MG012),POLO MG012 MAGS -S,S,,,,,,,,,,,,,,,,,,,,,,,,55,123,18,8,3,3,1,11,8,2,5,48,35,156,5,5,10,8
Mt Albert Grammar,Mags Uniform Polo Jnr Grey/Navy (MG012),POLO MG012 MAGS -SB,SB,,,,,,,,,,,,,,,,,,,,,,,,,2,,,,,2,,,,,3,,,,,,
Mt Albert Grammar,Mags Uniform Polo Jnr Grey/Navy (MG012),POLO MG012 MAGS -XL,XL,,,,,,,,,,,,,,,,,,,,,,,,14,74,8,3,8,5,2,7,2,,5,12,5,43,5,3,2,2
Mt Albert Grammar,Mags Uniform Polo Jnr Grey/Navy (MG012),POLO MG012 MAGS -XS,XS,,,,,,,,,,,,,,,,,,,,,,,,34,79,7,5,,,1,5,,5,1,54,28,70,3,,6,2
Mt Albert Grammar,Mags Uniform Shorts (MG020),US SH 312 MAGS -100,100,,,,,,,,,,,,,,,,,,,,,,,,,8,1,,,,,1,,,,,,9,,2,2,
Mt Albert Grammar,Mags Uniform Shorts (MG020),US SH 312 MAGS -104,104,,,,,,,,,,,,,,,,,,,,,,,,4,7,,-1,,,,,1,,,,1,6,,,,
Mt Albert Grammar,Mags Uniform Shorts (MG020),US SH 312 MAGS -108,108,,,,,,,,,,,,,,,,,,,,,,,,2,1,3,,,,,,,,,,,2,1,,,
Mt Albert Grammar,Mags Uniform Shorts (MG020),US SH 312 MAGS -112,112,,,,,,,,,,,,,,,,,,,,,,,,,7,3,,,,,,,,2,,,4,,,,
Mt Albert Grammar,Mags Uniform Shorts (MG020),US SH 312 MAGS -116,116,,,,,,,,,,,,,,,,,,,,,,,,,1,1,,,,,,,,,,,0,,,,
Mt Albert Grammar,Mags Uniform Shorts (MG020),US SH 312 MAGS -120,120,,,,,,,,,,,,,,,,,,,,,,,,,4,,,,,,,,,,,,4,1,,,
Mt Albert Grammar,Mags Uniform Shorts (MG020),US SH 312 MAGS -124,124,,,,,,,,,,,,,,,,,,,,,,,,,1,,,,,,,,,,,,,2,,,
Mt Albert Grammar,Mags Uniform Shorts (MG020),US SH 312 MAGS -128,128,,,,,,,,,,,,,,,,,,,,,,,,,1,,,,,,,,,,,,2,-2,,,1
Mt Albert Grammar,Mags Uniform Shorts (MG020),US SH 312 MAGS -60,60,,,,,,,,,,,,,,,,,,,,,,,,2,1,,,,,,,,,,2,2,1,,,,
Mt Albert Grammar,Mags Uniform Shorts (MG020),US SH 312 MAGS -64,64,,,,,,,,,,,,,,,,,,,,,,,,6,17,1,1,,,,,-1,,,6,2,13,,,,2
Mt Albert Grammar,Mags Uniform Shorts (MG020),US SH 312 MAGS -68,68,,,,,,,,,,,,,,,,,,,,,,,,17,47,-1,2,,,,,,,,17,14,26,-5,,,
Mt Albert Grammar,Mags Uniform Shorts (MG020),US SH 312 MAGS -72,72,,,,,,,,,,,,,,,,,,,,,,,,32,78,2,1,,,1,,-2,,3,14,7,53,5,1,,1
Mt Albert Grammar,Mags Uniform Shorts (MG020),US SH 312 MAGS -76,76,,,,,,,,,,,,,,,,,,,,,,,,42,76,8,2,-3,-1,2,4,2,,2,31,17,67,4,2,,1
Mt Albert Grammar,Mags Uniform Shorts (MG020),US SH 312 MAGS -80,80,,,,,,,,,,,,,,,,,,,,,,,,18,64,10,4,,,,3,,4,2,13,11,58,7,1,,1
Mt Albert Grammar,Mags Uniform Shorts (MG020),US SH 312 MAGS -84,84,,,,,,,,,,,,,,,,,,,,,,,,4,45,8,2,,-2,,,1,1,3,15,6,34,3,1,,0
Mt Albert Grammar,Mags Uniform Shorts (MG020),US SH 312 MAGS -88,88,,,,,,,,,,,,,,,,,,,,,,,,9,40,5,,,,,2,,,4,18,3,26,1,,-1,
Mt Albert Grammar,Mags Uniform Shorts (MG020),US SH 312 MAGS -92,92,,,,,,,,,,,,,,,,,,,,,,,,2,20,6,,1,,,,,1,,7,2,7,6,,,1
Mt Albert Grammar,Mags Uniform Shorts (MG020),US SH 312 MAGS -96,96,,,,,,,,,,,,,,,,,,,,,,,,2,15,,1,1,,,,2,,2,2,2,10,0,,,1
Mt Albert Grammar,Mags Uniform Tartan Skirt Tartan (MG018),US SK 514 MAGS -10,10,,,,,,,,,,,,,,,,,,,,,,,1,17,58,10,3,3,4,3,4,4,2,14,24,6,34,9,1,2,1
Mt Albert Grammar,Mags Uniform Tartan Skirt Tartan (MG018),US SK 514 MAGS -12,12,,,,,,,,,,,,,,,,,,,,,,,,22,36,7,1,5,,2,2,3,5,2,6,3,48,12,5,2,1
Mt Albert Grammar,Mags Uniform Tartan Skirt Tartan (MG018),US SK 514 MAGS -14,14,,,,,,,,,,,,,,,,,,,,,,,,2,27,3,4,,1,4,3,3,1,3,4,6,22,7,2,3,2
Mt Albert Grammar,Mags Uniform Tartan Skirt Tartan (MG018),US SK 514 MAGS -16,16,,,,,,,,,,,,,,,,,,,,,,,,,15,3,2,3,1,1,1,1,,1,4,3,17,0,4,1,
Mt Albert Grammar,Mags Uniform Tartan Skirt Tartan (MG018),US SK 514 MAGS -18,18,,,,,,,,,,,,,,,,,,,,,,,,1,7,2,,1,1,2,1,1,,2,2,1,4,,,1,1
Mt Albert Grammar,Mags Uniform Tartan Skirt Tartan (MG018),US SK 514 MAGS -20,20,,,,,,,,,,,,,,,,,,,,,,,,1,3,,,,,,,1,,2,,1,4,,,,1
Mt Albert Grammar,Mags Uniform Tartan Skirt Tartan (MG018),US SK 514 MAGS -22,22,,,,,,,,,,,,,,,,,,,,,,,,1,1,2,,1,,,,,,,,,4,,,,
Mt Albert Grammar,Mags Uniform Tartan Skirt Tartan (MG018),US SK 514 MAGS -24,24,,,,,,,,,,,,,,,,,,,,,,,,2,1,,,1,1,,,,,,,,1,1,,,
Mt Albert Grammar,Mags Uniform Tartan Skirt Tartan (MG018),US SK 514 MAGS -26,26,,,,,,,,,,,,,,,,,,,,,,,,,,,,1,,,,,,,,,1,,,,
Mt Albert Grammar,Mags Uniform Tartan Skirt Tartan (MG018),US SK 514 MAGS -28,28,,,,,,,,,,,,,,,,,,,,,,,,2,,,,,,,,,,,,,,,,,
Mt Albert Grammar,Mags Uniform Tartan Skirt Tartan (MG018),US SK 514 MAGS -30,30,,,,,,,,,,,,,,,,,,,,,,,,,,,,,,,,1,,,,,,,,,
Mt Albert Grammar,Mags Uniform Tartan Skirt Tartan (MG018),US SK 514 MAGS -32,32,,,,,,,,,,,,,,,,,,,,,,,,,,,,,,,,,1,,,,,,,,
Mt Albert Grammar,Mags Uniform Tartan Skirt Tartan (MG018),US SK 514 MAGS -6,6,,,,,,,,,,,,,,,,,,,,,,,,10,18,1,3,3,,,1,,1,3,3,5,11,1,3,3,1
Mt Albert Grammar,Mags Uniform Tartan Skirt Tartan (MG018),US SK 514 MAGS -8,8,,,,,,,,,,,,,,,,,,,,,,,-1,19,54,3,4,1,2,2,4,1,2,5,26,4,44,8,3,1,2
Mt Albert Grammar,Mags Uniform Tie Navy (MG004),MG004 -Each,Each,,,,,,,,,,,,,,,,,,,,,,,,3,11,28,13,18,54,18,5,3,,,16,5,6,17,2,11,22
Mt Albert Grammar,Mags Uniform Trousers Black (MG022),US PT 358 MAGS -100,100,,,,,,,,,,,,,,,,,,,,,,,,1,15,11,6,4,7,2,4,,4,,3,3,19,5,9,6,4
Mt Albert Grammar,Mags Uniform Trousers Black (MG022),US PT 358 MAGS -104,104,,,,,,,,,,,,,,,,,,,,,,,,,12,2,3,2,7,2,2,1,,3,,,12,6,4,1,3
Mt Albert Grammar,Mags Uniform Trousers Black (MG022),US PT 358 MAGS -108,108,,,,,,,,,,,,,,,,,,,,,,,,1,6,1,2,3,2,,3,,1,3,,,9,1,,1,2
Mt Albert Grammar,Mags Uniform Trousers Black (MG022),US PT 358 MAGS -112,112,,,,,,,,,,,,,,,,,,,,,,,,,4,2,1,,1,,2,1,,2,,,5,,,1,1
Mt Albert Grammar,Mags Uniform Trousers Black (MG022),US PT 358 MAGS -116,116,,,,,,,,,,,,,,,,,,,,,,,,,1,3,1,,,1,,,1,,,,2,,3,,1
Mt Albert Grammar,Mags Uniform Trousers Black (MG022),US PT 358 MAGS -120,120,,,,,,,,,,,,,,,,,,,,,,,,,3,3,,,1,,4,2,,,,,1,,1,,3
Mt Albert Grammar,Mags Uniform Trousers Black (MG022),US PT 358 MAGS -124,124,,,,,,,,,,,,,,,,,,,,,,,,,1,4,,,1,1,1,1,,,,,1,2,,1,1
Mt Albert Grammar,Mags Uniform Trousers Black (MG022),US PT 358 MAGS -128,128,,,,,,,,,,,,,,,,,,,,,,,,,,,,,,,,,,,,,,,1,,
Mt Albert Grammar,Mags Uniform Trousers Black (MG022),US PT 358 MAGS -60,60,,,,,,,,,,,,,,,,,,,,,,,,,,1,,,,,,,,,,,1,,2,,
Mt Albert Grammar,Mags Uniform Trousers Black (MG022),US PT 358 MAGS -64,64,,,,,,,,,,,,,,,,,,,,,,,,2,3,-2,1,2,2,,,,1,,2,-1,4,2,,,1
Mt Albert Grammar,Mags Uniform Trousers Black (MG022),US PT 358 MAGS -68,68,,,,,,,,,,,,,,,,,,,,,,,,2,11,5,4,3,5,3,5,1,,3,5,4,3,1,1,6,10
Mt Albert Grammar,Mags Uniform Trousers Black (MG022),US PT 358 MAGS -72,72,,,,,,,,,,,,,,,,,,,,,,,,10,30,4,14,21,7,2,8,1,3,-2,15,6,25,6,4,16,7
Mt Albert Grammar,Mags Uniform Trousers Black (MG022),US PT 358 MAGS -76,76,,,,,,,,,,,,,,,,,,,,,,,,13,44,13,15,27,36,5,16,13,2,6,14,11,56,18,11,15,12
Mt Albert Grammar,Mags Uniform Trousers Black (MG022),US PT 358 MAGS -80,80,,,,,,,,,,,,,,,,,,,,,,,,13,65,23,16,39,32,6,18,11,4,7,15,6,84,17,17,21,24
Mt Albert Grammar,Mags Uniform Trousers Black (MG022),US PT 358 MAGS -84,84,,,,,,,,,,,,,,,,,,,,,,,,5,80,18,27,23,25,9,25,11,7,9,23,7,73,22,18,20,23
Mt Albert Grammar,Mags Uniform Trousers Black (MG022),US PT 358 MAGS -88,88,,,,,,,,,,,,,,,,,,,,,,,,9,48,22,16,15,25,14,12,13,5,5,10,2,68,18,13,14,29
Mt Albert Grammar,Mags Uniform Trousers Black (MG022),US PT 358 MAGS -92,92,,,,,,,,,,,,,,,,,,,,,,,,5,42,13,11,12,16,7,7,3,2,10,9,0,29,11,6,11,13
Mt Albert Grammar,Mags Uniform Trousers Black (MG022),US PT 358 MAGS -96,96,,,,,,,,,,,,,,,,,,,,,,,,1,24,5,17,10,11,2,7,3,,5,12,,28,11,7,10,8
Mt Albert Grammar,Mags Uniform Y13 Skirt Navy (MG019),US SK 556 MAGS -10,10,,,,,,,,,,,,,,,,,,,,,,,,3,30,7,0,2,5,3,5,1,2,3,18,1,34,12,1,1,6
Mt Albert Grammar,Mags Uniform Y13 Skirt Navy (MG019),US SK 556 MAGS -12,12,,,,,,,,,,,,,,,,,,,,,,,,4,32,6,3,,2,1,1,1,2,6,15,5,38,9,4,3,6
Mt Albert Grammar,Mags Uniform Y13 Skirt Navy (MG019),US SK 556 MAGS -14,14,,,,,,,,,,,,,,,,,,,,,,,,1,22,6,5,2,4,,4,,2,4,6,1,21,6,4,-1,4
Mt Albert Grammar,Mags Uniform Y13 Skirt Navy (MG019),US SK 556 MAGS -16,16,,,,,,,,,,,,,,,,,,,,,,,,2,13,3,2,,4,2,,2,,1,8,1,18,4,1,,0
Mt Albert Grammar,Mags Uniform Y13 Skirt Navy (MG019),US SK 556 MAGS -18,18,,,,,,,,,,,,,,,,,,,,,,,,,13,2,,,1,,1,2,,,2,1,14,5,,2,3
Mt Albert Grammar,Mags Uniform Y13 Skirt Navy (MG019),US SK 556 MAGS -20,20,,,,,,,,,,,,,,,,,,,,,,,,,3,3,,,1,1,1,,,,1,,6,3,,,
Mt Albert Grammar,Mags Uniform Y13 Skirt Navy (MG019),US SK 556 MAGS -22,22,,,,,,,,,,,,,,,,,,,,,,,,,4,,1,1,,,,,,,,,3,1,1,,
Mt Albert Grammar,Mags Uniform Y13 Skirt Navy (MG019),US SK 556 MAGS -24,24,,,,,,,,,,,,,,,,,,,,,,,,,3,,,,,,,,,,1,,2,,,,
Mt Albert Grammar,Mags Uniform Y13 Skirt Navy (MG019),US SK 556 MAGS -26,26,,,,,,,,,,,,,,,,,,,,,,,,,,,,,1,,,,,,,,3,,,1,
Mt Albert Grammar,Mags Uniform Y13 Skirt Navy (MG019),US SK 556 MAGS -30,30,,,,,,,,,,,,,,,,,,,,,,,,,,1,,,,,,,,,,,0,1,,,
Mt Albert Grammar,Mags Uniform Y13 Skirt Navy (MG019),US SK 556 MAGS -34,34,,,,,,,,,,,,,,,,,,,,,,,,,,1,,,,,,,,,,,,,,,
Mt Albert Grammar,Mags Uniform Y13 Skirt Navy (MG019),US SK 556 MAGS -6,6,,,,,,,,,,,,,,,,,,,,,,,,2,7,4,1,,1,1,1,,1,,2,,5,4,3,1,0
Mt Albert Grammar,Mags Uniform Y13 Skirt Navy (MG019),US SK 556 MAGS -8,8,,,,,,,,,,,,,,,,,,,,,,,,2,21,8,7,4,5,1,,,,1,6,,20,1,1,3,4
Mt Albert Grammar,Mags Uniform Y13 Skirt Navy (MG019),US SK 556 MAGS -SPCL,SPCL,,,,,,,,,,,,,,,,,,,,,,,,,,2,,,,,,,,,,,,,,,
Mt Albert Grammar,Mags Uniform Yr13 Blouse SS Blue/Navy (MG015),US BL 421 MAGS -10,10,,,,,,,,,,,,,,,,,,,,,,,,6,82,18,,,,,0,2,1,13,24,4,30,4,,,
Mt Albert Grammar,Mags Uniform Yr13 Blouse SS Blue/Navy (MG015),US BL 421 MAGS -12,12,,,,,,,,,,,,,,,,,,,,,,,,14,81,3,5,,1,1,,,,14,39,2,25,5,,2,1
Mt Albert Grammar,Mags Uniform Yr13 Blouse SS Blue/Navy (MG015),US BL 421 MAGS -14,14,,,,,,,,,,,,,,,,,,,,,,,,2,42,4,,,1,,1,,,6,19,0,18,6,1,1,
Mt Albert Grammar,Mags Uniform Yr13 Blouse SS Blue/Navy (MG015),US BL 421 MAGS -16,16,,,,,,,,,,,,,,,,,,,,,,,,4,27,2,2,,,,,,,3,10,2,16,2,,1,
Mt Albert Grammar,Mags Uniform Yr13 Blouse SS Blue/Navy (MG015),US BL 421 MAGS -18,18,,,,,,,,,,,,,,,,,,,,,,,,,12,6,2,,,,,,,4,3,,13,2,,,
Mt Albert Grammar,Mags Uniform Yr13 Blouse SS Blue/Navy (MG015),US BL 421 MAGS -20,20,,,,,,,,,,,,,,,,,,,,,,,,,9,1,,,,,,,,,,,,,,,
Mt Albert Grammar,Mags Uniform Yr13 Blouse SS Blue/Navy (MG015),US BL 421 MAGS -22,22,,,,,,,,,,,,,,,,,,,,,,,,,4,,1,,,,,,,,,,2,,,,
Mt Albert Grammar,Mags Uniform Yr13 Blouse SS Blue/Navy (MG015),US BL 421 MAGS -24,24,,,,,,,,,,,,,,,,,,,,,,,,,3,1,,,,,,,,,,,2,,,,
Mt Albert Grammar,Mags Uniform Yr13 Blouse SS Blue/Navy (MG015),US BL 421 MAGS -26,26,,,,,,,,,,,,,,,,,,,,,,,,,1,,,,,,,,,,,,,,,,
Mt Albert Grammar,Mags Uniform Yr13 Blouse SS Blue/Navy (MG015),US BL 421 MAGS -28,28,,,,,,,,,,,,,,,,,,,,,,,,,,,,,,,,,,2,,,,,,,
Mt Albert Grammar,Mags Uniform Yr13 Blouse SS Blue/Navy (MG015),US BL 421 MAGS -30,30,,,,,,,,,,,,,,,,,,,,,,,,,,3,,,,,,,,,,,-1,,,,
Mt Albert Grammar,Mags Uniform Yr13 Blouse SS Blue/Navy (MG015),US BL 421 MAGS -6,6,,,,,,,,,,,,,,,,,,,,,,,,2,17,1,1,1,,,,,,,2,,8,,1,,
Mt Albert Grammar,Mags Uniform Yr13 Blouse SS Blue/Navy (MG015),US BL 421 MAGS -8,8,,,,,,,,,,,,,,,,,,,,,,,,5,41,0,,,2,,,,,3,17,3,25,2,1,1,2
Mt Albert Grammar,Mags Uniform Yr13 Polo White (MG013),US POLO 903 MAGS -2XL,2XL,,,,,,,,,,,,,,,,,,,,,,,,,34,2,,,,,,,,6,3,,7,,2,,
Mt Albert Grammar,Mags Uniform Yr13 Polo White (MG013),US POLO 903 MAGS -3XL,3XL,,,,,,,,,,,,,,,,,,,,,,,,,7,2,,,,,,,,,2,,10,3,,,2
Mt Albert Grammar,Mags Uniform Yr13 Polo White (MG013),US POLO 903 MAGS -4XL,4XL,,,,,,,,,,,,,,,,,,,,,,,,,2,,,,,,,,,,,,5,,,,
Mt Albert Grammar,Mags Uniform Yr13 Polo White (MG013),US POLO 903 MAGS -5XL,5XL,,,,,,,,,,,,,,,,,,,,,,,,,2,,,,,,,,,,,,,,3,,
Mt Albert Grammar,Mags Uniform Yr13 Polo White (MG013),US POLO 903 MAGS -6XL,6XL,,,,,,,,,,,,,,,,,,,,,,,,,1,,,,,,,,,,,,3,,,,
Mt Albert Grammar,Mags Uniform Yr13 Polo White (MG013),US POLO 903 MAGS -L,L,,,,,,,,,,,,,,,,,,,,,,,,5,129,26,3,-1,1,-1,3,,,17,35,7,89,25,4,-1,1
Mt Albert Grammar,Mags Uniform Yr13 Polo White (MG013),US POLO 903 MAGS -M,M,,,,,,,,,,,,,,,,,,,,,,,,6,134,15,6,1,,1,,2,,26,44,7,111,14,0,1,
Mt Albert Grammar,Mags Uniform Yr13 Polo White (MG013),US POLO 903 MAGS -S,S,,,,,,,,,,,,,,,,,,,,,,,,,44,13,2,,2,,,,,3,6,3,63,3,3,3,2
Mt Albert Grammar,Mags Uniform Yr13 Polo White (MG013),US POLO 903 MAGS -XL,XL,,,,,,,,,,,,,,,,,,,,,,,,6,81,7,1,,,,,,,11,14,2,40,8,,,
Mt Albert Grammar,Mags Uniform Yr13 Polo White (MG013),US POLO 903 MAGS -XS,XS,,,,,,,,,,,,,,,,,,,,,,,,,12,3,1,,,,,,,,7,,13,2,2,,
Western Heights High,WHHS Bucket Hats,USL BKHAT 4223 WHHS -L/XL,L/XL,36,17,,,,,,,,,1,1,16,5,1,,1,,,,,1,,,17,9,,1,,,,,,,4,5,9,2,1,1,
Western Heights High,WHHS Bucket Hats,USL BKHAT 4223 WHHS -M/L,M/L,23,8,,,1,,1,,,,,,17,4,,,,,1,1,,1,,,21,3,,,1,1,1,,,,6,3,4,1,1,,
Western Heights High,WHHS Caps,USL CAP 4079 WHHS,0,16,1,,-1,10,0,1,,1,2,3,1,33,13,2,3,,2,,,,2,3,2,17,6,1,,,2,,,,1,4,2,13,2,,,1
Western Heights High,WHHS Contrast Jacket,JKT 704 CL WHHS -2XL,2XL,,,5,8,14,7,,2,1,2,,2,10,11,1,1,5,4,1,1,,,,,9,3,2,0,2,2,1,,,,,1,6,2,1,1,3
Western Heights High,WHHS Contrast Jacket,JKT 704 CL WHHS -3XL,3XL,,,3,4,7,3,1,1,1,,,,7,7,,,,1,,,,,,,2,,1,,,2,,,,,,,,,1,,3
Western Heights High,WHHS Contrast Jacket,JKT 704 CL WHHS -4XL,4XL,,,,4,2,,1,1,,,,,4,2,,,,2,,,,,,,,,1,,,,,,,,,,4,-1,,,
Western Heights High,WHHS Contrast Jacket,JKT 704 CL WHHS -5XL,5XL,,,1,,3,,,2,,,,,1,2,,,,,,1,,,,,1,,,,,,,,,,,,1,,,,
Western Heights High,WHHS Contrast Jacket,JKT 704 CL WHHS -6XL,6XL,,,,2,2,,,,,,,,2,1,1,,1,,,1,,,,,1,,,,,,,,,,,,2,,,2,
Western Heights High,WHHS Contrast Jacket,JKT 704 CL WHHS -7XL,7XL,,,,,,,1,,,,,,,1,,,,,1,,,,,,,,,,,,,,,,,,,,,,
Western Heights High,WHHS Contrast Jacket,JKT 704 CL WHHS -L,L,,2,4,6,42,10,4,3,4,3,2,,20,17,6,3,9,3,9,2,1,1,,,12,7,12,4,6,3,2,5,1,,2,1,15,2,3,8,5
Western Heights High,WHHS Contrast Jacket,JKT 704 CL WHHS -M,M,1,,4,14,44,13,4,7,,,1,1,33,30,7,3,10,5,4,2,,2,,1,21,7,11,1,7,3,3,1,,1,7,4,28,3,6,5,11
Western Heights High,WHHS Contrast Jacket,JKT 704 CL WHHS -S,S,,,,14,27,8,1,3,2,,1,,38,28,4,2,10,11,7,3,4,3,,1,32,12,4,1,5,2,3,0,1,,3,6,31,7,5,16,11
Western Heights High,WHHS Contrast Jacket,JKT 704 CL WHHS -XL,XL,,,3,12,25,7,2,3,1,,1,,23,18,3,3,10,2,1,4,,2,1,,11,7,3,1,8,3,1,2,1,,2,1,6,1,1,4,2
Western Heights High,WHHS Contrast Jacket,JKT 704K CL WHHS -14,14,,,0,3,5,1,2,,,,,,9,4,,,1,,,,,,,,12,2,3,,1,1,,,,,,1,6,2,3,0,2
Western Heights High,WHHS Contrast Jacket,JKT 704K CL WHHS -16,16,,,3,10,14,4,3,,,,,,17,8,3,1,5,1,2,,,1,,,16,1,2,3,4,4,2,2,1,,4,2,23,2,2,4,
Western Heights High,WHHS Contrast Jacket,JKT 704K CL WHHS-12,12,,,,,0,0,,,,,,,2,0,,,,,,,,,,,0,0,,1,,,,,,,,,1,,,,
Western Heights High,WHHS Height Scarf,USL SCF WHHS -ONE SIZE,ONE SIZE,7,8,1,,18,16,7,11,2,2,,,18,14,10,5,27,13,7,18,3,5,3,1,29,4,10,10,17,5,24,6,4,2,1,1,31,4,4,1,26
Western Heights High,WHHS JNR Boys Shorts,SH 711 WHHS -100,100,12,5,,,,2,,1,,,1,,8,,,,,,,,,,,1,8,,,2,,,,1,,,,1,2,,,,1
Western Heights High,WHHS JNR Boys Shorts,SH 711 WHHS -104,104,3,5,,,2,1,,,1,,,,6,4,,,,,,,,,,,3,2,2,,,3,,,1,,,1,2,1,,,
Western Heights High,WHHS JNR Boys Shorts,SH 711 WHHS -108,108,3,3,,,,,,,,,,,3,1,,,,,,,1,,,,1,-1,,,,,,,,,,,8,-2,,,
Western Heights High,WHHS JNR Boys Shorts,SH 711 WHHS -112,112,3,,,,,,,,,1,,,2,,,,,,,,,,,,1,,,,,,,,,,,,2,1,,,2
Western Heights High,WHHS JNR Boys Shorts,SH 711 WHHS -116,116,3,4,,,,,,1,,,,,1,,,,,,2,,,,,,,,,,,,,,,,,,,2,,,
Western Heights High,WHHS JNR Boys Shorts,SH 711 WHHS -120,120,2,2,,,,,,,,,,,1,,,,,,,,,,,,4,,,,,,,,,,,,2,,,,
Western Heights High,WHHS JNR Boys Shorts,SH 711 WHHS -124,124,,1,,,,,,,,,,,,,1,,,,,,,,,,,,,,,,,,,,,,3,,,,
Western Heights High,WHHS JNR Boys Shorts,SH 711 WHHS -128,128,,,,,,,,,,,,,,,,,,,,,,,,,,,,,,,,,,,,,-1,,,,
Western Heights High,WHHS JNR Boys Shorts,SH 711 WHHS -64,64,1,,,,,,,,,,,,3,3,1,,,1,1,,,,,,0,-2,1,-1,,,,,,,,,,,,,
Western Heights High,WHHS JNR Boys Shorts,SH 711 WHHS -68,68,,,,,,,,,,,,,12,,,,,,1,,,,2,4,13,1,1,,,,,,,,,2,6,,,,1
Western Heights High,WHHS JNR Boys Shorts,SH 711 WHHS -72,72,13,,,,,,1,2,,,,,10,3,,,2,,,1,,2,,3,7,1,1,2,,1,,,,,,1,8,,,3,
Western Heights High,WHHS JNR Boys Shorts,SH 711 WHHS -76,76,16,5,1,,,1,,2,1,,,2,9,4,,,,,,1,,,,,22,1,,1,-1,,,,,2,2,2,10,,1,1,2
Western Heights High,WHHS JNR Boys Shorts,SH 711 WHHS -80,80,19,8,,,3,,1,,1,3,1,,17,5,1,,2,1,1,,,2,,,33,5,,4,1,2,2,,1,1,6,1,24,1,2,,0
Western Heights High,WHHS JNR Boys Shorts,SH 711 WHHS -84,84,17,10,1,,3,,,,,1,,3,8,4,3,2,1,4,,2,,1,,,23,4,,,,,1,2,1,2,4,4,27,4,1,1,
Western Heights High,WHHS JNR Boys Shorts,SH 711 WHHS -88,88,16,6,,,2,,,2,1,,,,5,1,,,,1,1,,1,,,,9,3,,,1,,,2,,1,,3,13,3,,3,1
Western Heights High,WHHS JNR Boys Shorts,SH 711 WHHS -92,92,13,7,,,,1,2,,,,1,1,11,0,,,,,,1,,,,,9,,,,,1,,,,,,2,12,-2,,,
Western Heights High,WHHS JNR Boys Shorts,SH 711 WHHS -96,96,11,6,,,1,,4,,1,,,,8,,,1,,,,1,,2,,,8,3,,,,1,,,,,1,,6,2,1,,1
Western Heights High,WHHS JNR Boys Trousers,PT 11 WHHS -100,100,,,,,1,,,,,,,,,,,,,,-2,,,,,,,,,,,,,,,,,1,,,,,
Western Heights High,WHHS JNR Boys Trousers,PT 11 WHHS -104,104,1,,,,1,,,,,,1,,1,1,,,,,,,,1,,,1,,1,1,-1,1,,,,,,,1,,,,
Western Heights High,WHHS JNR Boys Trousers,PT 11 WHHS -108,108,,,,,4,,,,,,,,,,1,,,,,,,,,,,,,,,1,,,,,,,,,,,
Western Heights High,WHHS JNR Boys Trousers,PT 11 WHHS -112,112,,,,,,,,,,,,,,,,,1,,,,,,,,,,,,1,,,,,,,,,,,,
Western Heights High,WHHS JNR Boys Trousers,PT 11 WHHS -116,116,,,,,,,,,,,,,,,,,1,,,,,,,,,,,,,,,,,,,,,,,,
Western Heights High,WHHS JNR Boys Trousers,PT 11 WHHS -120,120,,,,,,,,,,,,,,,,,,1,1,,,,,,,,,,,,,,,,,,,,,,
Western Heights High,WHHS JNR Boys Trousers,PT 11 WHHS -68,68,,,,,4,,,,,,,,,,1,,1,2,,1,,,,,2,1,2,,,1,,,1,,,1,2,,1,1,4
Western Heights High,WHHS JNR Boys Trousers,PT 11 WHHS -72,72,,1,,2,3,,2,1,1,,,,4,1,4,1,2,1,3,2,,,,,2,1,2,5,5,1,2,2,,,,,0,,1,,1
Western Heights High,WHHS JNR Boys Trousers,PT 11 WHHS -76,76,2,1,,,0,7,3,,,,,,2,2,1,,6,2,2,,,,,,5,2,2,4,4,3,,,3,,,,6,,,2,6
Western Heights High,WHHS JNR Boys Trousers,PT 11 WHHS -80,80,2,,,,10,1,3,1,,,,,3,1,2,1,4,4,1,,,,,,6,,2,1,4,2,0,1,1,2,,,1,1,,1,5
Western Heights High,WHHS JNR Boys Trousers,PT 11 WHHS -84,84,2,2,,,4,2,,1,,,,,3,1,2,,5,3,3,,,,,,,,,1,5,1,1,1,,,,,,,,1,2
Western Heights High,WHHS JNR Boys Trousers,PT 11 WHHS -88,88,1,1,,,,,,1,,,,,1,2,1,,1,1,2,1,,,,,2,1,,,1,1,1,,1,,,,1,0,,1,1
Western Heights High,WHHS JNR Boys Trousers,PT 11 WHHS -92,92,,,,,,,,,,,,,,1,,1,3,,,1,,,,,1,1,,,1,,0,0,,,,,1,,,0,
Western Heights High,WHHS JNR Boys Trousers,PT 11 WHHS -96,96,,,,,3,1,1,,1,,,,,,2,,,,,,,,,,3,,1,2,2,,2,1,1,,,,1,,1,1,1
Western Heights High,WHHS JNR Girls Shorts,DSH 002 WHHS -102,102,2,1,,,1,,,,1,,,1,8,,1,,1,,1,,,,,,3,2,,,,,,,,,,,3,,,,1
Western Heights High,WHHS JNR Girls Shorts,DSH 002 WHHS -107,107,3,1,,,,,,,,,,,2,,,,1,,,,,,,,3,1,,,,,,,,,,,1,,,,
Western Heights High,WHHS JNR Girls Shorts,DSH 002 WHHS -112,112,1,,,,,,,,,,,,1,,,,,,,,,,,,2,,1,,,,,,,,,,1,1,-1,,
Western Heights High,WHHS JNR Girls Shorts,DSH 002 WHHS -117,117,,,,,,,,,,,,,1,2,,,,,,,,,,,1,2,,,,,,,,,,,1,,,,
Western Heights High,WHHS JNR Girls Shorts,DSH 002 WHHS -122,122,1,,,,,,,,,,,,,,,,,,,,,,,,,,2,,,,,,,,,,2,1,-1,,
Western Heights High,WHHS JNR Girls Shorts,DSH 002 WHHS -127,127,,,,,,,,,,,,,,,,,,,,,,,,,1,,,,,,,,,,,,3,,,,
Western Heights High,WHHS JNR Girls Shorts,DSH 002 WHHS -56,56,2,,,,,,,,,,,,2,,,,,,,,,,,,,,,,,,,,,,,,,,,,
Western Heights High,WHHS JNR Girls Shorts,DSH 002 WHHS -57,57,,,,,,,,,,,,,-1,,,,,,,,,,,,,,,,,,,,,,,,,,,,
Western Heights High,WHHS JNR Girls Shorts,DSH 002 WHHS -62,62,1,0,,,,,,,,,,,16,1,1,,1,,,,,0,,,14,1,1,,,,1,,,,,,4,1,-1,,
Western Heights High,WHHS JNR Girls Shorts,DSH 002 WHHS -67,67,23,4,,,,1,1,2,,,1,,39,4,2,,1,,,,1,,2,,15,5,,,,2,2,,2,,1,5,23,0,1,,1
Western Heights High,WHHS JNR Girls Shorts,DSH 002 WHHS -72,72,27,2,1,,1,2,,,,,,,37,8,5,,5,,4,,,3,2,1,23,5,1,1,1,,,,0,1,,4,21,3,1,2,
Western Heights High,WHHS JNR Girls Shorts,DSH 002 WHHS -77,77,25,1,,1,,1,,,1,,1,,21,7,,,1,,2,1,,1,2,2,22,6,3,1,1,1,,,,-1,,1,15,2,0,,
Western Heights High,WHHS JNR Girls Shorts,DSH 002 WHHS -82,82,17,4,1,,,1,,,,1,1,,10,5,,,1,2,1,,,,,1,10,1,1,,,,,,1,,,,10,7,-1,,
Western Heights High,WHHS JNR Girls Shorts,DSH 002 WHHS -87,87,10,1,2,,,1,1,,,,2,1,12,0,,,1,1,,1,1,1,,,7,2,,,,,1,,,,,1,,2,2,,
Western Heights High,WHHS JNR Girls Shorts,DSH 002 WHHS -92,92,8,4,,,1,,,,,,0,,9,2,1,,,1,,,,1,,,8,1,,,,1,,,,,2,1,4,1,-1,1,
Western Heights High,WHHS JNR Girls Shorts,DSH 002 WHHS -97,97,3,0,,,1,1,,,,,,,9,2,,,,,1,,,,,,5,,,,,2,,,,,0,2,9,0,,,
Western Heights High,WHHS Jnr Long Skirt,SK 196L WHHS-102cm,102cm,,1,,,,,,,,,,,,,,,,,,,,,,,,,,,,,,,,,,,,,,,
Western Heights High,WHHS Jnr Long Skirt,SK 196L WHHS-107cm,107cm,,1,,,,,,,,,,,1,,,,,,,,,,,,,,,,,,,,,,,,,,,,
Western Heights High,WHHS Jnr Long Skirt,SK 196L WHHS-57cm,57cm,,,,,,,,,,,,,1,,,,,,,,,,,,,,,,,,,,,,,,,,,,
Western Heights High,WHHS Jnr Long Skirt,SK 196L WHHS-72cm,72cm,1,,,,,,,,,,,,,,,,,,,,,,,,,,,,,,,,,,,,,,,,
Western Heights High,WHHS Jnr Long Skirt,SK 196L WHHS-77cm,77cm,,,,,,,,,,,,,1,,,,,,,,,,,,,,,,,,,,,,,,,,,,
Western Heights High,WHHS Jnr Long Skirt,SK 196L WHHS-87cm,87cm,1,-1,,,,,,,,,,,,,,,,,,,,,,,,,,,,,,,,,,,,,,,
Western Heights High,WHHS Jnr Long Skirt,SK 196L WHHS-97cm,97cm,,,,,,,,,,,,,3,,,,,,,,,,,,,,,,,,,,,,,,,,,,
Western Heights High,WHHS Jnr Short Skirt,SK 195 WHHS -102,102,3,,,,,,,,,,,1,,,,,,1,,,,,,,0,,,,0,,,,,,,,1,1,,,
Western Heights High,WHHS Jnr Short Skirt,SK 195 WHHS -107,107,1,,,,,,,,,,,,,,,,,,,,,,,,,,,,,,,,,,,,,,,,
Western Heights High,WHHS Jnr Short Skirt,SK 195 WHHS -112,112,2,,,,,,,,,,,,1,1,,,,,,,,,,,2,,,,,,,,,,,,1,,,,
Western Heights High,WHHS Jnr Short Skirt,SK 195 WHHS -117,117,,,,,,,,,,,,,,,,,,,,,,,,,1,,,,,,,,,,,,,,,,
Western Heights High,WHHS Jnr Short Skirt,SK 195 WHHS -122,122,,,,,,0,,,,,,,,,,,,,,,,,,,1,,,,,,,,,,,,,,,,
Western Heights High,WHHS Jnr Short Skirt,SK 195 WHHS -57,57,2,-1,,,2,,,,,,,,6,,,,,,,,,,,,,,,,,,1,1,,,,,1,,,,
Western Heights High,WHHS Jnr Short Skirt,SK 195 WHHS -62,62,8,6,,,,,,1,,,,,22,4,,,2,,2,1,,,,,12,2,,,,1,1,,1,,1,3,4,0,1,,
Western Heights High,WHHS Jnr Short Skirt,SK 195 WHHS -67,67,8,3,,2,2,1,,1,2,,,,13,7,5,1,5,4,2,,,,,3,29,-2,1,1,1,,,1,,-1,,1,21,3,,1,
Western Heights High,WHHS Jnr Short Skirt,SK 195 WHHS -72,72,7,4,,,1,,1,,,1,,,10,7,,1,2,,,3,1,1,,,20,5,1,2,1,1,,1,1,,4,,25,4,1,,1
Western Heights High,WHHS Jnr Short Skirt,SK 195 WHHS -77,77,11,2,1,,,1,,,1,1,,,3,3,1,,,2,3,1,1,,,,6,3,,2,1,,1,,,2,1,,20,3,,,1
Western Heights High,WHHS Jnr Short Skirt,SK 195 WHHS -82,82,1,2,,,2,,,,,,,,3,1,,,1,0,,,1,,,,3,,,,1,,,,,1,1,,8,-1,1,1,1
Western Heights High,WHHS Jnr Short Skirt,SK 195 WHHS -87,87,3,0,,,,1,1,,,1,,,4,,,1,,,,,,,,,4,,,,,,,,,,,,2,,-1,,
Western Heights High,WHHS Jnr Short Skirt,SK 195 WHHS -92,92,1,2,,,,1,-1,,,,,,,2,,,,1,1,,,,,,6,,,,,,,,,,,,1,,1,1,
Western Heights High,WHHS Jnr Short Skirt,SK 195 WHHS -97,97,,,,,,1,1,,,,,,,,,,,,,,,1,,,5,,,,1,2,,,,,,,,1,,,
Western Heights High,WHHS Jnr Sky Polo,POLO 105J WHHS -10XL,10XL,,,,,,,,,,1,,,,,,,,,,,,,,,,,,,,,,,,,,,,,,,
Western Heights High,WHHS Jnr Sky Polo,POLO 105J WHHS -2XL,2XL,20,9,,,5,,,,1,,,2,15,2,4,,,3,,,,3,,,21,4,2,0,1,4,,,,,,1,10,1,,2,1
Western Heights High,WHHS Jnr Sky Polo,POLO 105J WHHS -3XL,3XL,12,5,,,1,,,,,,,,8,6,,,,,,,,,,,6,1,,2,,3,,,,,,,8,,,,
Western Heights High,WHHS Jnr Sky Polo,POLO 105J WHHS -4XL,4XL,3,1,,1,1,,,1,,,,,5,1,,,,1,,,,,,,4,,2,1,,,,,,,,,4,,,,2
Western Heights High,WHHS Jnr Sky Polo,POLO 105J WHHS -5XL,5XL,6,1,,,,1,,,,,,,1,,,,,,1,,,,,,,,1,,,,,,,,,,2,,,,
Western Heights High,WHHS Jnr Sky Polo,POLO 105J WHHS -6XL,6XL,,1,,,,,,,,,,,4,,,,,,,,,,,,,,,,,,,,,,,,4,,,,
Western Heights High,WHHS Jnr Sky Polo,POLO 105J WHHS -7XL,7XL,2,,,,,,,,,,,,,,,,,,2,,,,,,,,,,,,,,,,,,,,,,
Western Heights High,WHHS Jnr Sky Polo,POLO 105J WHHS -L,L,34,10,1,1,5,1,,3,1,1,1,3,31,2,-1,,4,1,4,,,,,2,30,2,,1,,,1,2,1,,1,8,23,3,-1,2,1
Western Heights High,WHHS Jnr Sky Polo,POLO 105J WHHS -M,M,63,8,,,4,2,1,1,1,1,1,1,52,14,4,5,6,6,,,,,,1,54,16,2,,2,2,,2,2,,8,3,70,6,0,4,
Western Heights High,WHHS Jnr Sky Polo,POLO 105J WHHS -S,S,58,8,2,,1,3,,,2,1,,2,27,25,6,,8,7,6,1,,,,,39,4,6,7,3,,6,2,,1,2,1,47,8,3,2,7
Western Heights High,WHHS Jnr Sky Polo,POLO 105J WHHS -XL,XL,20,15,2,,2,1,4,1,0,,,,28,4,,,,2,3,2,3,,,,26,1,,3,2,1,,1,,,1,1,14,2,2,1,
Western Heights High,WHHS Jnr Sky Polo,POLO 105J WHHS -XS,XS,34,7,1,1,1,,1,,,1,1,,46,9,5,1,2,,,,,,,,41,8,,3,,,1,-1,,1,2,5,38,1,3,,3
Western Heights High,WHHS Jnr Sky Polo,POLO 105KJ WHHS -10,10,8,,,,,,,,,,-1,,26,3,1,,,1,,,,4,4,2,22,2,,-1,2,2,2,1,2,,,,31,2,,,
Western Heights High,WHHS Jnr Sky Polo,POLO 105KJ WHHS -12,12,23,7,,3,,2,,1,,,1,,41,1,,,2,,4,5,1,4,,,40,9,,2,,2,,,1,2,4,5,47,3,1,4,2
Western Heights High,WHHS Jnr Sky Polo,POLO 105KJ WHHS -14,14,48,2,,,2,1,,,,,1,2,59,3,3,,4,1,1,,,,,,39,9,2,1,1,,,1,,1,8,9,42,3,1,,
Western Heights High,WHHS Jnr Sky Polo,POLO 105KJ WHHS -8,8,4,,,,2,,,,,,,,12,6,,,,,,,,,2,3,19,,1,,,,2,,,,,5,13,2,,,
Western Heights High,WHHS PE Shirts,ITS 05 WHHS -2XL,2XL,12,9,,,,,,1,,,,,7,1,,,,1,,,,,,,9,2,1,,,,,,,,,,4,,,,
Western Heights High,WHHS PE Shirts,ITS 05 WHHS -3XL,3XL,4,1,,,,,,,,,,,7,1,2,,,,-1,,,,,,2,1,1,,1,,,,,,,,2,,,,
Western Heights High,WHHS PE Shirts,ITS 05 WHHS -4XL,4XL,2,1,,,,,,,,,,,,1,,,,,1,,,,,,,,,,,,,,,,,,1,,,,
Western Heights High,WHHS PE Shirts,ITS 05 WHHS -5XL,5XL,2,,,,,,,,,,,,1,,,,,,,,,,,,1,,,,,,,,,,,,2,,,,
Western Heights High,WHHS PE Shirts,ITS 05 WHHS -6XL,6XL,2,1,,,,,,,,,,,1,,,,,,,,,,,,,,,,,,,,,,,,1,,,,
Western Heights High,WHHS PE Shirts,ITS 05 WHHS -8XL,8XL,,,,,,,,,,,,,,,,,,,,,,,,,,,,,,,,,,,,,-1,,,,
Western Heights High,WHHS PE Shirts,ITS 05 WHHS -L,L,26,13,,,2,1,,2,2,,,1,23,12,4,1,3,,2,2,2,2,,,31,7,,2,2,,,1,1,,1,3,22,2,1,7,1
Western Heights High,WHHS PE Shirts,ITS 05 WHHS -M,M,50,7,,,5,1,,1,,2,1,1,32,20,11,2,11,5,1,,,1,,1,30,14,1,,,1,2,,,,4,2,45,7,,,3
Western Heights High,WHHS PE Shirts,ITS 05 WHHS -S,S,39,5,1,1,,1,,,1,1,1,1,47,18,,,,,4,2,,2,,,48,6,2,7,2,,1,2,,,3,2,40,4,1,2,2
Western Heights High,WHHS PE Shirts,ITS 05 WHHS -XL,XL,16,6,,,1,1,1,,,,,1,13,3,,,1,,,,,2,1,,19,2,1,,,,,1,1,,,1,8,1,1,1,
Western Heights High,WHHS PE Shirts,ITS 05 WHHS -XS,XS,22,6,,4,1,1,1,1,1,,,,48,2,,,,,3,1,,,2,4,31,7,1,0,2,2,1,,2,2,3,11,37,,,,
Western Heights High,WHHS PE Shirts,ITS 05K FB WHHS -10K,10K,1,1,,,1,,,,,,,,7,,,,,,,,,,,,3,2,,,,,1,,,,,,,1,,,
Western Heights High,WHHS PE Shirts,ITS 05K FB WHHS -12K,12K,5,-1,,,,,,,,,,,4,,,,,,,,1,,,1,11,1,,,1,,,,,,,,5,1,,,1
Western Heights High,WHHS PE Shirts,ITS 05K FB WHHS -14K,14K,15,1,,,3,,,1,,,1,1,14,2,2,1,,,,2,1,,1,1,16,1,2,1,,,,,,,1,2,15,5,,3,1
Western Heights High,WHHS PE Shorts,SH 11A CL WHHS -2XL,2XL,7,6,1,,2,1,,1,,,,,8,,2,,,,1,,,1,,,4,5,,,1,,,,,,,1,7,,,1,
Western Heights High,WHHS PE Shorts,SH 11A CL WHHS -3XL,3XL,5,3,,,,,,,,,,1,5,,,,,,,,,,1,,3,3,1,,,,,,,,,,4,,,,
Western Heights High,WHHS PE Shorts,SH 11A CL WHHS -4XL,4XL,8,3,,,,,,,,,,,2,,1,,,,1,,,,,,2,,1,,,,,,,,,,2,,,,
Western Heights High,WHHS PE Shorts,SH 11A CL WHHS -5XL,5XL,3,0,,,,,,,,,,,1,-1,,,,,,,,,,,1,,,,,,,,,,,,3,,,,
Western Heights High,WHHS PE Shorts,SH 11A CL WHHS -6XL,6XL,,2,,,,,,,,,,,,,,,,,,,,,,,1,,,,,,,,,,,,1,,,,
Western Heights High,WHHS PE Shorts,SH 11A CL WHHS -7XL,7XL,,,,,,,,,,,,,,,,,,,,,,,,,-1,,,,,,,,,,,,,,,,
Western Heights High,WHHS PE Shorts,SH 11A CL WHHS -8XL,8XL,,,,,,,,,,,,,1,,,,,,,,,,,,,,,,,,,,,,,,,,,,
Western Heights High,WHHS PE Shorts,SH 11A CL WHHS -L,L,21,10,,,2,1,,1,1,,,,22,3,1,1,2,,,1,2,1,,,29,1,,,,,,,,,2,3,16,2,,2,
Western Heights High,WHHS PE Shorts,SH 11A CL WHHS -M,M,43,7,1,,4,1,,1,,2,,,24,13,5,2,5,2,3,1,,,,,38,12,2,1,2,1,,,1,,2,3,50,4,,3,2
Western Heights High,WHHS PE Shorts,SH 11A CL WHHS -S,S,53,6,,1,,,,2,,,1,2,38,23,5,,6,2,3,2,,3,,1,42,9,2,6,2,,3,1,,2,4,3,34,5,,2,2
Western Heights High,WHHS PE Shorts,SH 11A CL WHHS -XL,XL,18,8,,,1,,1,,,,,1,12,7,,,,1,,,,,1,,22,4,1,2,,1,,3,,,1,1,9,1,1,1,
Western Heights High,WHHS PE Shorts,SH 11A CL WHHS -XS,XS,36,6,,1,3,2,1,,,,,,55,8,5,-1,2,1,4,1,1,,2,4,43,5,,2,2,2,1,,2,,5,11,33,2,2,4,
Western Heights High,WHHS PE Shorts,SH 11AK CL WHHS -10K,10K,,,,,,,,,,,,,0,,,,1,,,,,,,,2,,,,,,,,,,,,,,,,
Western Heights High,WHHS PE Shorts,SH 11AK CL WHHS -12K,12K,5,1,,,,,,,,,,,4,,,,,,,,,,,1,2,1,,,,,1,,,,,,1,1,,,
Western Heights High,WHHS PE Shorts,SH 11AK CL WHHS -14K,14K,5,5,,,1,,,,,,1,1,13,1,1,,,,,,,,1,1,17,1,1,0,,,,,,,,2,19,3,,,2
Western Heights High,WHHS Snr Girls Short,DSH 002S WHHS -102,102,3,2,,,,,,,,,,,5,,,,,,,,,,,,2,,,,,,,,,,,,3,,,,
Western Heights High,WHHS Snr Girls Short,DSH 002S WHHS -107,107,,2,,,,,,,,,,,3,,,,,,,,,,,,1,,,,,,,,,,,,,,,,
Western Heights High,WHHS Snr Girls Short,DSH 002S WHHS -127,127,1,,,,,,,,,,,,,,,,,,,,,,,,,,,,,1,,,,,,,,,,,
Western Heights High,WHHS Snr Girls Short,DSH 002S WHHS -62,62,,1,,,,,,,,,,,,,,,,,,,,,,1,,,,,,,,,1,,,2,,,,,
Western Heights High,WHHS Snr Girls Short,DSH 002S WHHS -67,67,9,,,,,,,,,,,1,,,,,,,,,,,1,,3,,,,,,,,,,,,6,,,,
Western Heights High,WHHS Snr Girls Short,DSH 002S WHHS -72,72,19,8,,,,,,1,,,,,13,2,1,1,,,,,,,,0,14,4,1,,,,3,,,,1,,5,2,,,-1
Western Heights High,WHHS Snr Girls Short,DSH 002S WHHS -77,77,11,1,,,,,,1,,,,,,1,,,,,,,,,,,6,2,,,,,,,2,1,,,5,,,,
Western Heights High,WHHS Snr Girls Short,DSH 002S WHHS -82,82,14,2,,,,,,,,,,,4,3,,,,,,,,,,,6,0,1,1,,,,,,,,1,7,,,,
Western Heights High,WHHS Snr Girls Short,DSH 002S WHHS -87,87,7,1,,,,,,,,,,,,2,,,,,,,,,,,5,1,,,,,,,,,,,1,,,,
Western Heights High,WHHS Snr Girls Short,DSH 002S WHHS -92,92,2,,,,,,,,,,,,1,,,,,,,,,1,,,2,2,,,,,,,,,,2,0,1,,,
Western Heights High,WHHS Snr Girls Short,DSH 002S WHHS -97,97,7,1,,,,,,,,,,,3,,,,,,,,,,,,4,0,,1,,,,,,,,,5,,,,
Western Heights High,WHHS Snr L/S Blouse,US BL 417L WHHS -10,10,6,2,,1,5,2,,3,1,,,,7,2,1,1,3,1,2,,,1,1,,7,3,2,4,2,3,,,,,1,,8,1,,2,1
Western Heights High,WHHS Snr L/S Blouse,US BL 417L WHHS -12,12,,2,1,1,1,1,1,,,,2,,10,2,2,,2,,2,3,,,,,4,1,1,,,1,1,,,,1,1,8,2,1,,2
Western Heights High,WHHS Snr L/S Blouse,US BL 417L WHHS -14,14,1,,,,,,,1,,,,,4,4,1,,,,,,,,,,4,2,,,1,,1,,,,,,7,,1,1,1
Western Heights High,WHHS Snr L/S Blouse,US BL 417L WHHS -16,16,5,,,,1,,,,,,,,1,,,,2,,,1,,,,,4,2,,1,,3,,,,,,,4,,2,,
Western Heights High,WHHS Snr L/S Blouse,US BL 417L WHHS -18,18,1,1,,,2,,,,,,,,1,3,,1,,,1,,,,,,,3,1,,1,2,,,,,,,2,,,,
Western Heights High,WHHS Snr L/S Blouse,US BL 417L WHHS -20,20,,,,,,,,,,,,,,,,,,,,,,,,,,,,,,,,,,,,,2,,,,
Western Heights High,WHHS Snr L/S Blouse,US BL 417L WHHS -22,22,,1,,,,,,,,,,,2,-2,,,,,,,,,,,,,1,,1,,,,,,,,1,,,,
Western Heights High,WHHS Snr L/S Blouse,US BL 417L WHHS -24,24,1,,,,,1,,,,,,,,2,,,,,,,,,,,,1,,,,,,,,,,,,,,,
Western Heights High,WHHS Snr L/S Blouse,US BL 417L WHHS -26,26,,,,,,,,,,,,,,,,,,,,,,,,,,,,,,,,,,,,,1,,,,
Western Heights High,WHHS Snr L/S Blouse,US BL 417L WHHS -28,28,,,,,,1,,,,,,,,2,,,,,,,,,,,2,,,,,,,,,,,,,,,,
Western Heights High,WHHS Snr L/S Blouse,US BL 417L WHHS -30,30,,,,,,,,,,,,,,0,,,,,,,,,,,,,,1,,,,,,,,,,,,,
Western Heights High,WHHS Snr L/S Blouse,US BL 417L WHHS -6,6,,3,,,1,3,,1,,,,,7,1,,,1,1,,,,,,,2,1,1,,2,,,,,,,1,3,,,2,
Western Heights High,WHHS Snr L/S Blouse,US BL 417L WHHS -8,8,2,1,,,3,3,,5,,,,,9,5,,,2,,,,,,,,5,2,5,1,3,2,3,,,,,,8,3,,,3
Western Heights High,WHHS Snr L/S Shirt,US ST 468L WHHS -12,12,,,,,,,,,,,,,1,2,,,,,,,,,,,,,,,,,,,,,,,1,,,,
Western Heights High,WHHS Snr L/S Shirt,US ST 468L WHHS -14,14,,,,,,,,,,,1,,2,1,,,,,,,,,,,,1,1,,,,,,,,,,,,,,
Western Heights High,WHHS Snr L/S Shirt,US ST 468L WHHS -16,16,,2,,,1,,1,1,,,,,1,1,3,0,,,,,1,,,,2,,,,,,,,,,,,,1,,,1
Western Heights High,WHHS Snr L/S Shirt,US ST 468L WHHS -2XL,2XL,1,,,,,,,,,,,,5,,,,,,,,,,,,1,,,,,,,,,,,,1,,,,
Western Heights High,WHHS Snr L/S Shirt,US ST 468L WHHS -3XL,3XL,,,,,,,,,,,,,1,,,1,,,,,,,,,,,,,,,,,,,,,,,,,
Western Heights High,WHHS Snr L/S Shirt,US ST 468L WHHS -4XL,4XL,4,-1,,,,,,,,,,,1,,,,,,,,,,,,1,,,,,,,,,,,,,,,,
Western Heights High,WHHS Snr L/S Shirt,US ST 468L WHHS -5XL,5XL,1,,,,,,,,,,,,,,,,,,,,,,,,,,,,,,,,,,,,,,,,
Western Heights High,WHHS Snr L/S Shirt,US ST 468L WHHS -L,L,3,8,1,1,1,6,,1,,,,,8,3,2,1,,1,2,,,,,,1,,1,,,,,2,1,1,,,3,,1,1,2
Western Heights High,WHHS Snr L/S Shirt,US ST 468L WHHS -M,M,9,13,3,1,,1,1,,1,,,,9,5,1,,3,,3,3,,,,,8,2,,1,,2,,,,1,,1,7,,,3,2
Western Heights High,WHHS Snr L/S Shirt,US ST 468L WHHS -S,S,8,2,0,1,4,,,,,,,,5,1,1,,5,,1,2,,,,,3,1,,,,,4,,1,,,,6,,,1,
Western Heights High,WHHS Snr L/S Shirt,US ST 468L WHHS -XL,XL,2,-1,,,,,,,,,,,2,1,2,,,,,,,,,,3,2,,,,,,,,,,,,4,,,
Western Heights High,WHHS Snr Navy Polo,POLO 105S WHHS -10,10,,10,,,,,,,,,,,,,,,,,,,,,,,,,,,,,,,,,,,,,,,
Western Heights High,WHHS Snr Navy Polo,POLO 105S WHHS -12,12,,4,,,,,,,,,,,,,,,,,,,,,,,,,,,,,,,,,,,,,,,
Western Heights High,WHHS Snr Navy Polo,POLO 105S WHHS -14,14,2,14,,,,,,,,,,,,,,,,,,,,,,,,,,,,,,,,,,,,,,,
Western Heights High,WHHS Snr Navy Polo,POLO 105S WHHS -2XL,2XL,,5,,,,,,,,,,,,,,,,,,,,,,,,,,,,,,,,,,,,,,,
Western Heights High,WHHS Snr Navy Polo,POLO 105S WHHS -4XL,4XL,2,,,,,,,,,,,,,,,,,,,,,,,,,,,,,,,,,,,,,,,,
Western Heights High,WHHS Snr Navy Polo,POLO 105S WHHS -6XL,6XL,,1,,,,,,,,,,,,,,,,,,,,,,,,,,,,,,,,,,,,,,,
Western Heights High,WHHS Snr Navy Polo,POLO 105S WHHS -8,8,,6,,,,,,,,,,,,,,,,,,,,,,,,,,,,,,,,,,,,,,,
Western Heights High,WHHS Snr Navy Polo,POLO 105S WHHS -L,L,3,11,,,,,,,,,,,,,,,,,,,,,,,,,,,,,,,,,,,,,,,
Western Heights High,WHHS Snr Navy Polo,POLO 105S WHHS -M,M,,6,,,1,,,,,,,,,,,,,,,,,,,,,,,,,,,,,,,,,,,,
Western Heights High,WHHS Snr Navy Polo,POLO 105S WHHS -S,S,1,8,,,,,,,,,,,,,,,,,,,,,,,,,,,,,,,,,,,,,,,
Western Heights High,WHHS Snr Navy Polo,POLO 105S WHHS -XL,XL,,3,,,,,,,,,,,,,,,,,,,,,,,,,,,,,,,,,,,,,,,
Western Heights High,WHHS Snr Navy Polo,POLO 105S WHHS -XS,XS,1,10,,,,,,,,,,,,,,,,,,,,,,,,,,,,,,,,,,,,,,,
Western Heights High,WHHS Snr S/S Blouse,US BL 416 WHHS -10,10,41,22,,1,1,,2,1,,,,,58,11,4,,,3,4,2,,1,1,1,54,5,1,1,1,2,,2,,1,1,2,16,6,,,
Western Heights High,WHHS Snr S/S Blouse,US BL 416 WHHS -12,12,47,22,,3,3,,,,,,2,,35,9,2,,,1,1,3,,1,,3,37,10,,2,,,,1,1,,,2,46,3,5,2,-2
Western Heights High,WHHS Snr S/S Blouse,US BL 416 WHHS -14,14,28,13,2,-1,,,,1,,,,,20,6,1,,2,2,,,,,,,38,13,,,,,,,,,2,1,34,2,,,
Western Heights High,WHHS Snr S/S Blouse,US BL 416 WHHS -16,16,17,9,,1,,,,,,,,,10,2,,,3,,2,,,,,,20,4,1,2,,,,3,,,,1,16,1,1,,1
Western Heights High,WHHS Snr S/S Blouse,US BL 416 WHHS -18,18,18,9,,,,,,,,,,,9,6,,,1,,1,,,1,,,8,9,,,,3,,,,,,2,8,2,,,
Western Heights High,WHHS Snr S/S Blouse,US BL 416 WHHS -20,20,3,4,,,,,,,,,,,7,-1,1,2,,,,,,,,,5,3,,,,,,1,,,,,9,0,1,,
Western Heights High,WHHS Snr S/S Blouse,US BL 416 WHHS -22,22,2,1,,,,,,,,,,,8,-2,,,,,,1,,,,,6,,,,1,,,,,1,,,5,1,2,,
Western Heights High,WHHS Snr S/S Blouse,US BL 416 WHHS -24,24,6,,1,,1,,,,,,,,5,2,,,,,,,,,,,0,1,,,,,,,,,,,3,,,,
Western Heights High,WHHS Snr S/S Blouse,US BL 416 WHHS -26,26,,1,,,,,,,,,,,2,0,,,,,,,,,,,2,1,,,,,,,,,,2,1,,1,,
Western Heights High,WHHS Snr S/S Blouse,US BL 416 WHHS -28,28,,2,,,,,,,,,,1,,3,,,1,,,,,,,,,1,1,,,,,,,,,,4,1,,,
Western Heights High,WHHS Snr S/S Blouse,US BL 416 WHHS -30,30,,1,,,,,,,,,,,,2,,,,,,,,,,,,,,1,,,,,1,,,,5,,,,
Western Heights High,WHHS Snr S/S Blouse,US BL 416 WHHS -32,32,1,,,,,,,,,,,,,2,,,,,,,,,,,,,,,,,,,,,,,2,,,,
Western Heights High,WHHS Snr S/S Blouse,US BL 416 WHHS -6,6,16,8,,,3,1,,1,,,,1,14,2,,,1,,1,,,2,2,,12,2,1,,,,,,,,1,4,17,2,,,
Western Heights High,WHHS Snr S/S Blouse,US BL 416 WHHS -8,8,20,9,,,1,1,,8,,,1,,32,5,1,,2,,,,1,2,1,,24,7,1,,1,,1,,,,1,2,26,6,2,,3
Western Heights High,WHHS Snr Shirt,US ST 467 WHHS -12,12,1,,,,,,1,,,,,,2,4,1,,2,,,,,,,,5,2,,,,,,,,,,,5,2,,,
Western Heights High,WHHS Snr Shirt,US ST 467 WHHS -14,14,,,,,,,,,,,2,,,6,,,,,,,,,,,3,3,1,,,-1,,,,,,2,7,,,,
Western Heights High,WHHS Snr Shirt,US ST 467 WHHS -16,16,17,6,,,,,2,1,,,1,,6,10,,2,,,,2,1,2,,3,5,2,,,,,1,,,,,,12,2,,,
Western Heights High,WHHS Snr Shirt,US ST 467 WHHS -2XL,2XL,9,9,,,,,,,,,,,10,3,,,,,,,,,,,6,3,,,,,,,,,2,,9,0,,,
Western Heights High,WHHS Snr Shirt,US ST 467 WHHS -3XL,3XL,6,4,,,1,,,,1,,,,3,1,,,,,,,,,,,2,,1,,,,,,,,,,2,,,,
Western Heights High,WHHS Snr Shirt,US ST 467 WHHS -4XL,4XL,4,3,2,,,,,,,,,,4,5,,,,,,,,,,,6,,,,,,,,,,,,,,,,
Western Heights High,WHHS Snr Shirt,US ST 467 WHHS -5XL,5XL,1,3,,,,,,,,,,,1,2,,,,,,,,,,,,,,,1,2,,,,,,,,,,,
Western Heights High,WHHS Snr Shirt,US ST 467 WHHS -6XL,6XL,,,,,,,,,,,,,,1,,,,,,,,,,,3,1,,,,,,,,2,,,,,,,
Western Heights High,WHHS Snr Shirt,US ST 467 WHHS -7XL,7XL,,,1,,,,,,,,,,,,,,,,,,,,,,,,,,,,,,,,,,,,,,
Western Heights High,WHHS Snr Shirt,US ST 467 WHHS -L,L,27,15,,,,,,4,,3,,,24,10,3,,1,3,2,1,1,2,2,5,27,6,1,,4,1,,2,1,,,4,35,2,,,
Western Heights High,WHHS Snr Shirt,US ST 467 WHHS -M,M,47,38,1,,3,1,1,0,,1,,,50,12,,1,1,,,,,2,,,43,8,3,1,3,,,1,,2,,1,44,1,,1,
Western Heights High,WHHS Snr Shirt,US ST 467 WHHS -S,S,47,15,,,,,,,,,,,40,18,,,2,,,,,2,,2,24,12,1,,3,1,1,1,,,,,24,4,,1,1
Western Heights High,WHHS Snr Shirt,US ST 467 WHHS -XL,XL,5,18,1,,1,1,,,4,,,3,15,8,1,,,,,,,1,,1,21,4,2,,1,,,,1,1,,,10,3,1,,
Western Heights High,WHHS Snr Shorts,US SH 703L WHHS -100,100,4,6,,1,,,,,,,,,9,3,,,1,,,1,,,,,5,1,3,1,2,,,,,,,,5,,,,
Western Heights High,WHHS Snr Shorts,US SH 703L WHHS -104,104,4,9,1,,,,,1,,,,,6,2,,,,,,,,,,,5,2,,,,,,,,,1,,9,2,1,,
Western Heights High,WHHS Snr Shorts,US SH 703L WHHS -108,108,2,1,,,,,,2,1,,,,6,3,,1,,,,,,,,,4,1,2,,,,,,,,,,4,1,,,
Western Heights High,WHHS Snr Shorts,US SH 703L WHHS -112,112,5,6,,,,,,1,,,,,2,3,,,,,,,,,,,6,,-1,,,,,,2,,,,4,,,,
Western Heights High,WHHS Snr Shorts,US SH 703L WHHS -116,116,5,1,0,,,,,,,,,,8,2,,,,,,,,,,,0,,,,,,,,,,,,2,,,,
Western Heights High,WHHS Snr Shorts,US SH 703L WHHS -120,120,,1,,,,,,,,,,,,,,,,,,,,,,,2,,1,,,,,,,,,,,,,,
Western Heights High,WHHS Snr Shorts,US SH 703L WHHS -124,124,1,0,1,,,,,,,,,,,2,,,,1,,,,,,,,1,,,,,,,,,,,,,,,
Western Heights High,WHHS Snr Shorts,US SH 703L WHHS -128,128,,1,,,,,,,,,,,,,,,,,,,,,,,,1,,,,,,,,,,,,,,,
Western Heights High,WHHS Snr Shorts,US SH 703L WHHS -132,132,,1,,,,,,,,,,,,2,,,,,,,,,,,,,1,,,,,,,,,,,,,,
Western Heights High,WHHS Snr Shorts,US SH 703L WHHS -68,68,4,,,,,,,,,,,,,,,,1,,,,,,,,3,,,,,,,,,,,,,,,,
Western Heights High,WHHS Snr Shorts,US SH 703L WHHS -72,72,18,4,,,,,,,,,1,,3,2,,,,,,,,,,,2,,,,,,,,,,,,2,,,,
Western Heights High,WHHS Snr Shorts,US SH 703L WHHS -76,76,15,16,,,,,1,,,1,,,7,9,,,,,,1,,,,2,7,4,,,,,,,,,,,2,1,,,
Western Heights High,WHHS Snr Shorts,US SH 703L WHHS -80,80,34,9,,,,1,2,,,,2,,17,11,,1,1,1,,,,2,0,3,12,6,,,,1,,,,1,,2,20,-1,,2,
Western Heights High,WHHS Snr Shorts,US SH 703L WHHS -84,84,27,12,1,,,,,,,1,,,25,11,1,3,2,,,1,1,1,,,21,7,-1,,,,2,,,,,,23,5,,1,
Western Heights High,WHHS Snr Shorts,US SH 703L WHHS -88,88,16,8,,,,,,,3,,,,27,7,1,,,3,1,,,,,,26,2,-1,,1,1,1,,2,,,2,18,4,,1,1
Western Heights High,WHHS Snr Shorts,US SH 703L WHHS -92,92,17,7,,,,,,,,1,,,17,5,,,,,,,,1,2,,19,7,-1,,,,,1,1,,,,26,5,,,
Western Heights High,WHHS Snr Shorts,US SH 703L WHHS -96,96,8,4,,1,2,1,,1,,1,,,12,2,2,,1,,,1,,,,,12,2,1,,3,,,,,,,1,11,4,1,1,1
Western Heights High,WHHS Snr Skirt,US SK 189 WHHS -10,10,10,6,,,2,2,,1,1,,,,21,4,2,,,,,3,,,1,,21,4,4,1,2,2,,2,,,1,1,26,2,,,
Western Heights High,WHHS Snr Skirt,US SK 189 WHHS -12,12,7,2,,,,,,,,,,,9,5,0,1,2,3,,,,1,,,17,4,1,,,,,1,,1,,,14,2,3,1,-2
Western Heights High,WHHS Snr Skirt,US SK 189 WHHS -14,14,5,3,,,,,,,,,,,3,3,,,3,,1,,,,,,19,2,2,,,1,1,,,,,,11,,1,,1
Western Heights High,WHHS Snr Skirt,US SK 189 WHHS -16,16,4,4,,,,,,,,,,,6,,2,2,,,1,1,,,,,5,6,1,,2,1,2,,,,,1,7,1,,,
Western Heights High,WHHS Snr Skirt,US SK 189 WHHS -18,18,1,5,,,,,,,,,,,2,0,,,1,1,2,,,,,,3,1,,1,,,,,,,,,6,1,,,
Western Heights High,WHHS Snr Skirt,US SK 189 WHHS -20,20,0,1,1,,1,,,,,,,,4,3,,,,,,,,,,,1,1,,,,,1,,,,,,2,1,,,
Western Heights High,WHHS Snr Skirt,US SK 189 WHHS -22,22,5,,,,,,,,,,,1,,1,,,1,,,,,,,,1,,,,,,,,,,,1,1,,,,
Western Heights High,WHHS Snr Skirt,US SK 189 WHHS -24,24,,1,,,,,,,,,,,,,,,,,1,,,,,,0,,,,,,,,,,,,3,,,,
Western Heights High,WHHS Snr Skirt,US SK 189 WHHS -26,26,,,,,,,,,,,,,,,,,,,,,,,,,,1,,,,,,,,,,,,,,,
Western Heights High,WHHS Snr Skirt,US SK 189 WHHS -28,28,1,,,,,,,,,,,,,2,-2,,,,,,,,,,,,,,,,,,,,,,,,2,,
Western Heights High,WHHS Snr Skirt,US SK 189 WHHS -34,34,,,,,,,,,,,,,,,2,,,,,,,,,,,,,,,,,,,,,,,,,,
Western Heights High,WHHS Snr Skirt,US SK 189 WHHS -4,4,4,2,,,,,,,,,,,9,1,,,2,,2,1,,1,,,4,,,1,,,,,,,,2,5,,,1,1
Western Heights High,WHHS Snr Skirt,US SK 189 WHHS -6,6,19,1,,1,0,,,,1,,,,24,5,,,2,2,2,,1,,1,,17,9,,,,1,1,,1,1,1,3,21,6,4,,2
Western Heights High,WHHS Snr Skirt,US SK 189 WHHS -8,8,26,12,,1,,,1,1,,,1,,15,1,1,,1,3,1,,,,,1,28,2,1,,,,1,1,,,1,3,17,3,1,,2
Western Heights High,WHHS Snr Trouser,US PT 703L WHHS -100,100,1,1,,,2,,,2,,,,,1,1,1,,2,,1,,,1,,,0,,,2,2,,,,,,,,1,,2,,2
Western Heights High,WHHS Snr Trouser,US PT 703L WHHS -104,104,2,1,,,1,2,1,,,,,,2,,,,1,,,,,,,,2,3,,1,,,,,,,1,,5,,,,2
Western Heights High,WHHS Snr Trouser,US PT 703L WHHS -108,108,1,1,,,,1,,,1,,,,5,4,1,,,1,,1,,,,,,,,,,,,,,,,,2,0,,,
Western Heights High,WHHS Snr Trouser,US PT 703L WHHS -112,112,1,,,,,,,,,,,,,2,1,,,,,,,,,,1,,,1,0,1,,,,,,,-1,,,,
Western Heights High,WHHS Snr Trouser,US PT 703L WHHS -116,116,2,1,,,,,,,,,,,1,,,,,,,,,,,,,,,,1,,,,,,,,1,,,,
Western Heights High,WHHS Snr Trouser,US PT 703L WHHS -120,120,2,1,,,,,,,,,,,,,,,,,,,,,,,,,,,,,,1,,,,,2,1,,,
Western Heights High,WHHS Snr Trouser,US PT 703L WHHS -68,68,,,,,,,,,,,,,,,,,,,,,,,,,1,,,,,,,,,,,,,,,,
Western Heights High,WHHS Snr Trouser,US PT 703L WHHS -72,72,1,1,1,,4,,3,2,1,,2,,,,1,1,1,1,,,2,,,3,3,,2,,2,1,,,,,,,7,,,,1
Western Heights High,WHHS Snr Trouser,US PT 703L WHHS -76,76,2,2,1,1,7,1,3,4,-1,,,,2,,2,1,3,,1,3,,,,,4,1,1,3,-1,3,,1,,,,,2,1,,,1
Western Heights High,WHHS Snr Trouser,US PT 703L WHHS -80,80,5,8,2,1,2,3,2,3,1,,1,,4,10,,,3,,,1,,6,0,,14,-1,2,1,4,2,2,3,,1,,,7,1,1,2,5
Western Heights High,WHHS Snr Trouser,US PT 703L WHHS -84,84,8,6,1,1,4,1,1,2,1,,,,7,3,6,3,1,,2,2,,1,,1,15,1,4,1,3,,2,4,,1,,,13,6,0,2,3
Western Heights High,WHHS Snr Trouser,US PT 703L WHHS -88,88,7,3,1,,4,2,,1,,,,3,12,7,3,,,,,4,,,,,6,4,7,,6,5,,1,0,,,1,7,6,1,1,
Western Heights High,WHHS Snr Trouser,US PT 703L WHHS -92,92,6,6,1,2,,,,,,,,,3,3,2,2,2,2,1,2,,,,,6,5,1,,8,1,1,,,2,,,9,1,2,2,3
Western Heights High,WHHS Snr Trouser,US PT 703L WHHS -96,96,4,1,,,2,1,,,1,,,,6,1,,,2,2,1,,,,,,1,,,2,1,2,1,,,,1,,6,5,2,,2
Grand Total,,,,2729,1327,160,218,523,224,135,182,87,82,77,71,2806,1347,325,127,383,195,192,198,79,176,70,908,6621,1740,719,530,715,422,539,323,197,452,1315,648,6175,1213,547,518,623
